client_id,round_number,hierarchy,num_samples,set,accuracy,loss
The_Complete_Works_of_William_Shakespeare_AIR,0,,454,test,0.0,4.372326850891113
The_Complete_Works_of_William_Shakespeare_ALARUM,0,,1218,test,0.02564102564102564,4.381070137023926
The_Complete_Works_of_William_Shakespeare_AND_TALKED_OF_VIRTUE,0,,5033,test,0.008695652173913044,4.381129741668701
The_Complete_Works_of_William_Shakespeare_EVEN_THERE_HE_STARTS,0,,2252,test,0.01098901098901099,4.381383419036865
The_Complete_Works_of_William_Shakespeare_FLOURISH,0,,1694,test,0.015873015873015872,4.3819475173950195
The_Complete_Works_of_William_Shakespeare_FOR_COLLATINE,0,,1810,test,0.0,4.380974769592285
The_Complete_Works_of_William_Shakespeare_IS_WORTHY_BLAME,0,,3627,test,0.018808777429467086,4.381194114685059
The_Complete_Works_of_William_Shakespeare_I_AM_RESOLVED,0,,585,test,0.0,4.381742477416992
The_Complete_Works_of_William_Shakespeare_MUSIC,0,,515,test,0.0,4.381092548370361
The_Complete_Works_of_William_Shakespeare_MY_ILL_SUSPICION,0,,2706,test,0.00881057268722467,4.381148815155029
The_Complete_Works_of_William_Shakespeare_REPLIES_HER_HUSBAND,0,,767,test,0.030303030303030304,4.380612373352051
The_Complete_Works_of_William_Shakespeare_SCENE_I,0,,10550,test,0.03165182987141444,4.380904674530029
The_Complete_Works_of_William_Shakespeare_SCENE_II,0,,9821,test,0.035181236673773986,4.381011009216309
The_Complete_Works_of_William_Shakespeare_SCENE_III,0,,9200,test,0.023972602739726026,4.381282329559326
The_Complete_Works_of_William_Shakespeare_SCENE_IV,0,,5619,test,0.03861003861003861,4.381119728088379
The_Complete_Works_of_William_Shakespeare_SCENE_V,0,,3718,test,0.027439024390243903,4.3809638023376465
The_Complete_Works_of_William_Shakespeare_SCENE_VI,0,,1784,test,0.014814814814814815,4.381674289703369
The_Complete_Works_of_William_Shakespeare_SCENE_VII,0,,1182,test,0.02666666666666667,4.380090236663818
The_Complete_Works_of_William_Shakespeare_SHE_PHOEBES_ME,0,,556,test,0.08333333333333333,4.381575107574463
The_Complete_Works_of_William_Shakespeare_SWORE_BROTHERS,0,,534,test,0.0,4.380252838134766
The_Complete_Works_of_William_Shakespeare_TENDER_MY_SUIT,0,,1558,test,0.026785714285714284,4.380756378173828
The_Complete_Works_of_William_Shakespeare_THE_LECHERS_IN_THEIR_DEED,0,,447,test,0.0,4.377477645874023
The_Complete_Works_of_William_Shakespeare_THE_PROTESTATION_STOPS,0,,1103,test,0.0,4.382289409637451
The_Complete_Works_of_William_Shakespeare_THE_SILLY_LAMBS,0,,1768,test,0.007518796992481203,4.381747722625732
The_Complete_Works_of_William_Shakespeare_THIS_IS_THE_VERY_FALSE_GALLOP_OF_VERSES,0,,801,test,0.0,4.381243705749512
The_Complete_Works_of_William_Shakespeare_WITH_INWARD_VICE,0,,1021,test,0.0,4.38232946395874
The_Complete_Works_of_William_Shakespeare_WOULD_LET_HER_OUT_IN_SAUCERS,0,,501,test,0.0,4.381005764007568
The_Complete_Works_of_William_Shakespeare_YIELD_TO_MY_LOVE,0,,2084,test,0.04242424242424243,4.38080358505249
The_Complete_Works_of_William_Shakespeare_AIR,2,,454,train,0.18805309734513273,3.2009806632995605
The_Complete_Works_of_William_Shakespeare_ALARUM,2,,1218,train,0.15263157894736842,3.356658935546875
The_Complete_Works_of_William_Shakespeare_AND_TALKED_OF_VIRTUE,2,,5033,train,0.1830308331511043,3.141990900039673
The_Complete_Works_of_William_Shakespeare_EVEN_THERE_HE_STARTS,2,,2252,train,0.17777777777777778,3.126830577850342
The_Complete_Works_of_William_Shakespeare_FLOURISH,2,,1694,train,0.15178571428571427,3.360471248626709
The_Complete_Works_of_William_Shakespeare_FOR_COLLATINE,2,,1810,train,0.17274357441721458,3.1208386421203613
The_Complete_Works_of_William_Shakespeare_IS_WORTHY_BLAME,2,,3627,train,0.18440145102781136,3.124272346496582
The_Complete_Works_of_William_Shakespeare_I_AM_RESOLVED,2,,585,train,0.18947368421052632,3.159933090209961
The_Complete_Works_of_William_Shakespeare_MUSIC,2,,515,train,0.1873767258382643,3.2062225341796875
The_Complete_Works_of_William_Shakespeare_MY_ILL_SUSPICION,2,,2706,train,0.19402985074626866,3.1957356929779053
The_Complete_Works_of_William_Shakespeare_REPLIES_HER_HUSBAND,2,,767,train,0.167574931880109,3.206303596496582
The_Complete_Works_of_William_Shakespeare_SCENE_I,2,,10550,train,0.16940979138274453,3.189190626144409
The_Complete_Works_of_William_Shakespeare_SCENE_II,2,,9821,train,0.1753911966677924,3.160088062286377
The_Complete_Works_of_William_Shakespeare_SCENE_III,2,,9200,train,0.1765977895242672,3.1591744422912598
The_Complete_Works_of_William_Shakespeare_SCENE_IV,2,,5619,train,0.17820035287198588,3.162611722946167
The_Complete_Works_of_William_Shakespeare_SCENE_V,2,,3718,train,0.17020648967551621,3.1358745098114014
The_Complete_Works_of_William_Shakespeare_SCENE_VI,2,,1784,train,0.17647058823529413,3.121898651123047
The_Complete_Works_of_William_Shakespeare_SCENE_VII,2,,1182,train,0.17615176151761516,3.1345090866088867
The_Complete_Works_of_William_Shakespeare_SHE_PHOEBES_ME,2,,556,train,0.19852941176470587,3.2150115966796875
The_Complete_Works_of_William_Shakespeare_SWORE_BROTHERS,2,,534,train,0.1717557251908397,3.229318618774414
The_Complete_Works_of_William_Shakespeare_TENDER_MY_SUIT,2,,1558,train,0.1825726141078838,3.139955997467041
The_Complete_Works_of_William_Shakespeare_THE_LECHERS_IN_THEIR_DEED,2,,447,train,0.18385650224215247,3.139909029006958
The_Complete_Works_of_William_Shakespeare_THE_PROTESTATION_STOPS,2,,1103,train,0.18243243243243243,3.162479877471924
The_Complete_Works_of_William_Shakespeare_THE_SILLY_LAMBS,2,,1768,train,0.18226299694189602,3.161085605621338
The_Complete_Works_of_William_Shakespeare_THIS_IS_THE_VERY_FALSE_GALLOP_OF_VERSES,2,,801,train,0.16732026143790849,3.210653066635132
The_Complete_Works_of_William_Shakespeare_WITH_INWARD_VICE,2,,1021,train,0.17964693665628245,3.1144020557403564
The_Complete_Works_of_William_Shakespeare_WOULD_LET_HER_OUT_IN_SAUCERS,2,,501,train,0.1898989898989899,3.249020576477051
The_Complete_Works_of_William_Shakespeare_YIELD_TO_MY_LOVE,2,,2084,train,0.17561229807191245,3.125579833984375
The_Complete_Works_of_William_Shakespeare_AIR,2,,454,test,0.5,3.9743151664733887
The_Complete_Works_of_William_Shakespeare_ALARUM,2,,1218,test,0.16666666666666666,3.2547051906585693
The_Complete_Works_of_William_Shakespeare_AND_TALKED_OF_VIRTUE,2,,5033,test,0.17391304347826086,3.156216859817505
The_Complete_Works_of_William_Shakespeare_EVEN_THERE_HE_STARTS,2,,2252,test,0.1813186813186813,3.176311731338501
The_Complete_Works_of_William_Shakespeare_FLOURISH,2,,1694,test,0.12698412698412698,3.3059403896331787
The_Complete_Works_of_William_Shakespeare_FOR_COLLATINE,2,,1810,test,0.18248175182481752,3.0648953914642334
The_Complete_Works_of_William_Shakespeare_IS_WORTHY_BLAME,2,,3627,test,0.18181818181818182,3.156466484069824
The_Complete_Works_of_William_Shakespeare_I_AM_RESOLVED,2,,585,test,0.13333333333333333,2.9360909461975098
The_Complete_Works_of_William_Shakespeare_MUSIC,2,,515,test,0.25,3.263608932495117
The_Complete_Works_of_William_Shakespeare_MY_ILL_SUSPICION,2,,2706,test,0.18061674008810572,3.4397470951080322
The_Complete_Works_of_William_Shakespeare_REPLIES_HER_HUSBAND,2,,767,test,0.15151515151515152,3.185401439666748
The_Complete_Works_of_William_Shakespeare_SCENE_I,2,,10550,test,0.17705242334322452,3.1630191802978516
The_Complete_Works_of_William_Shakespeare_SCENE_II,2,,9821,test,0.19829424307036247,3.0885345935821533
The_Complete_Works_of_William_Shakespeare_SCENE_III,2,,9200,test,0.19748858447488585,3.1126160621643066
The_Complete_Works_of_William_Shakespeare_SCENE_IV,2,,5619,test,0.1833976833976834,3.129279613494873
The_Complete_Works_of_William_Shakespeare_SCENE_V,2,,3718,test,0.18597560975609756,3.059542655944824
The_Complete_Works_of_William_Shakespeare_SCENE_VI,2,,1784,test,0.2074074074074074,3.0186989307403564
The_Complete_Works_of_William_Shakespeare_SCENE_VII,2,,1182,test,0.18666666666666668,3.139007568359375
The_Complete_Works_of_William_Shakespeare_SHE_PHOEBES_ME,2,,556,test,0.25,3.1750118732452393
The_Complete_Works_of_William_Shakespeare_SWORE_BROTHERS,2,,534,test,0.2,3.1428229808807373
The_Complete_Works_of_William_Shakespeare_TENDER_MY_SUIT,2,,1558,test,0.1875,3.0306549072265625
The_Complete_Works_of_William_Shakespeare_THE_LECHERS_IN_THEIR_DEED,2,,447,test,1.0,1.688965082168579
The_Complete_Works_of_William_Shakespeare_THE_PROTESTATION_STOPS,2,,1103,test,0.19402985074626866,3.1407134532928467
The_Complete_Works_of_William_Shakespeare_THE_SILLY_LAMBS,2,,1768,test,0.18045112781954886,3.0448968410491943
The_Complete_Works_of_William_Shakespeare_THIS_IS_THE_VERY_FALSE_GALLOP_OF_VERSES,2,,801,test,0.25,3.1545169353485107
The_Complete_Works_of_William_Shakespeare_WITH_INWARD_VICE,2,,1021,test,0.1896551724137931,3.257766008377075
The_Complete_Works_of_William_Shakespeare_WOULD_LET_HER_OUT_IN_SAUCERS,2,,501,test,0.16666666666666666,3.7562673091888428
The_Complete_Works_of_William_Shakespeare_YIELD_TO_MY_LOVE,2,,2084,test,0.18181818181818182,3.249333381652832
The_Complete_Works_of_William_Shakespeare_AIR,4,,454,train,0.18805309734513273,3.1914350986480713
The_Complete_Works_of_William_Shakespeare_ALARUM,4,,1218,train,0.15263157894736842,3.373767614364624
The_Complete_Works_of_William_Shakespeare_AND_TALKED_OF_VIRTUE,4,,5033,train,0.1830308331511043,3.1233463287353516
The_Complete_Works_of_William_Shakespeare_EVEN_THERE_HE_STARTS,4,,2252,train,0.17777777777777778,3.114797830581665
The_Complete_Works_of_William_Shakespeare_FLOURISH,4,,1694,train,0.15178571428571427,3.395751953125
The_Complete_Works_of_William_Shakespeare_FOR_COLLATINE,4,,1810,train,0.17274357441721458,3.1075193881988525
The_Complete_Works_of_William_Shakespeare_IS_WORTHY_BLAME,4,,3627,train,0.18440145102781136,3.1129603385925293
The_Complete_Works_of_William_Shakespeare_I_AM_RESOLVED,4,,585,train,0.18947368421052632,3.1468565464019775
The_Complete_Works_of_William_Shakespeare_MUSIC,4,,515,train,0.1873767258382643,3.211763858795166
The_Complete_Works_of_William_Shakespeare_MY_ILL_SUSPICION,4,,2706,train,0.19402985074626866,3.1950325965881348
The_Complete_Works_of_William_Shakespeare_REPLIES_HER_HUSBAND,4,,767,train,0.167574931880109,3.1965315341949463
The_Complete_Works_of_William_Shakespeare_SCENE_I,4,,10550,train,0.16940979138274453,3.160536289215088
The_Complete_Works_of_William_Shakespeare_SCENE_II,4,,9821,train,0.1753911966677924,3.123775005340576
The_Complete_Works_of_William_Shakespeare_SCENE_III,4,,9200,train,0.1765977895242672,3.1316440105438232
The_Complete_Works_of_William_Shakespeare_SCENE_IV,4,,5619,train,0.17820035287198588,3.1318936347961426
The_Complete_Works_of_William_Shakespeare_SCENE_V,4,,3718,train,0.17020648967551621,3.105013370513916
The_Complete_Works_of_William_Shakespeare_SCENE_VI,4,,1784,train,0.17647058823529413,3.082645893096924
The_Complete_Works_of_William_Shakespeare_SCENE_VII,4,,1182,train,0.17615176151761516,3.092350959777832
The_Complete_Works_of_William_Shakespeare_SHE_PHOEBES_ME,4,,556,train,0.19852941176470587,3.221950054168701
The_Complete_Works_of_William_Shakespeare_SWORE_BROTHERS,4,,534,train,0.1717557251908397,3.2282254695892334
The_Complete_Works_of_William_Shakespeare_TENDER_MY_SUIT,4,,1558,train,0.1825726141078838,3.1221978664398193
The_Complete_Works_of_William_Shakespeare_THE_LECHERS_IN_THEIR_DEED,4,,447,train,0.18385650224215247,3.1268067359924316
The_Complete_Works_of_William_Shakespeare_THE_PROTESTATION_STOPS,4,,1103,train,0.18243243243243243,3.1634414196014404
The_Complete_Works_of_William_Shakespeare_THE_SILLY_LAMBS,4,,1768,train,0.18226299694189602,3.1465845108032227
The_Complete_Works_of_William_Shakespeare_THIS_IS_THE_VERY_FALSE_GALLOP_OF_VERSES,4,,801,train,0.16732026143790849,3.208151340484619
The_Complete_Works_of_William_Shakespeare_WITH_INWARD_VICE,4,,1021,train,0.17964693665628245,3.102181911468506
The_Complete_Works_of_William_Shakespeare_WOULD_LET_HER_OUT_IN_SAUCERS,4,,501,train,0.1898989898989899,3.2436399459838867
The_Complete_Works_of_William_Shakespeare_YIELD_TO_MY_LOVE,4,,2084,train,0.17561229807191245,3.1084742546081543
The_Complete_Works_of_William_Shakespeare_AIR,4,,454,test,0.5,4.341735363006592
The_Complete_Works_of_William_Shakespeare_ALARUM,4,,1218,test,0.16666666666666666,3.2571299076080322
The_Complete_Works_of_William_Shakespeare_AND_TALKED_OF_VIRTUE,4,,5033,test,0.17391304347826086,3.146857738494873
The_Complete_Works_of_William_Shakespeare_EVEN_THERE_HE_STARTS,4,,2252,test,0.1813186813186813,3.1490604877471924
The_Complete_Works_of_William_Shakespeare_FLOURISH,4,,1694,test,0.12698412698412698,3.3030548095703125
The_Complete_Works_of_William_Shakespeare_FOR_COLLATINE,4,,1810,test,0.18248175182481752,3.053931474685669
The_Complete_Works_of_William_Shakespeare_IS_WORTHY_BLAME,4,,3627,test,0.18181818181818182,3.1378111839294434
The_Complete_Works_of_William_Shakespeare_I_AM_RESOLVED,4,,585,test,0.13333333333333333,2.8908660411834717
The_Complete_Works_of_William_Shakespeare_MUSIC,4,,515,test,0.25,3.3007068634033203
The_Complete_Works_of_William_Shakespeare_MY_ILL_SUSPICION,4,,2706,test,0.18061674008810572,3.449376106262207
The_Complete_Works_of_William_Shakespeare_REPLIES_HER_HUSBAND,4,,767,test,0.15151515151515152,3.2046804428100586
The_Complete_Works_of_William_Shakespeare_SCENE_I,4,,10550,test,0.17705242334322452,3.13761305809021
The_Complete_Works_of_William_Shakespeare_SCENE_II,4,,9821,test,0.19829424307036247,3.0568368434906006
The_Complete_Works_of_William_Shakespeare_SCENE_III,4,,9200,test,0.19748858447488585,3.100353956222534
The_Complete_Works_of_William_Shakespeare_SCENE_IV,4,,5619,test,0.1833976833976834,3.096623420715332
The_Complete_Works_of_William_Shakespeare_SCENE_V,4,,3718,test,0.18597560975609756,3.0151400566101074
The_Complete_Works_of_William_Shakespeare_SCENE_VI,4,,1784,test,0.2074074074074074,2.9899227619171143
The_Complete_Works_of_William_Shakespeare_SCENE_VII,4,,1182,test,0.18666666666666668,3.1320786476135254
The_Complete_Works_of_William_Shakespeare_SHE_PHOEBES_ME,4,,556,test,0.25,3.208885431289673
The_Complete_Works_of_William_Shakespeare_SWORE_BROTHERS,4,,534,test,0.2,3.071666717529297
The_Complete_Works_of_William_Shakespeare_TENDER_MY_SUIT,4,,1558,test,0.1875,2.979949474334717
The_Complete_Works_of_William_Shakespeare_THE_LECHERS_IN_THEIR_DEED,4,,447,test,1.0,1.578675627708435
The_Complete_Works_of_William_Shakespeare_THE_PROTESTATION_STOPS,4,,1103,test,0.19402985074626866,3.1234207153320312
The_Complete_Works_of_William_Shakespeare_THE_SILLY_LAMBS,4,,1768,test,0.18045112781954886,3.014343738555908
The_Complete_Works_of_William_Shakespeare_THIS_IS_THE_VERY_FALSE_GALLOP_OF_VERSES,4,,801,test,0.25,3.195600986480713
The_Complete_Works_of_William_Shakespeare_WITH_INWARD_VICE,4,,1021,test,0.1896551724137931,3.236081838607788
The_Complete_Works_of_William_Shakespeare_WOULD_LET_HER_OUT_IN_SAUCERS,4,,501,test,0.16666666666666666,3.898432493209839
The_Complete_Works_of_William_Shakespeare_YIELD_TO_MY_LOVE,4,,2084,test,0.18181818181818182,3.2332167625427246
The_Complete_Works_of_William_Shakespeare_AIR,6,,454,train,0.18805309734513273,3.187208890914917
The_Complete_Works_of_William_Shakespeare_ALARUM,6,,1218,train,0.15263157894736842,3.368213415145874
The_Complete_Works_of_William_Shakespeare_AND_TALKED_OF_VIRTUE,6,,5033,train,0.1830308331511043,3.1070401668548584
The_Complete_Works_of_William_Shakespeare_EVEN_THERE_HE_STARTS,6,,2252,train,0.17777777777777778,3.093268632888794
The_Complete_Works_of_William_Shakespeare_FLOURISH,6,,1694,train,0.15178571428571427,3.3826119899749756
The_Complete_Works_of_William_Shakespeare_FOR_COLLATINE,6,,1810,train,0.17274357441721458,3.085514783859253
The_Complete_Works_of_William_Shakespeare_IS_WORTHY_BLAME,6,,3627,train,0.18440145102781136,3.0904319286346436
The_Complete_Works_of_William_Shakespeare_I_AM_RESOLVED,6,,585,train,0.18947368421052632,3.1217408180236816
The_Complete_Works_of_William_Shakespeare_MUSIC,6,,515,train,0.1873767258382643,3.202552318572998
The_Complete_Works_of_William_Shakespeare_MY_ILL_SUSPICION,6,,2706,train,0.19402985074626866,3.1788899898529053
The_Complete_Works_of_William_Shakespeare_REPLIES_HER_HUSBAND,6,,767,train,0.167574931880109,3.177987575531006
The_Complete_Works_of_William_Shakespeare_SCENE_I,6,,10550,train,0.16940979138274453,3.1515231132507324
The_Complete_Works_of_William_Shakespeare_SCENE_II,6,,9821,train,0.1753911966677924,3.122344493865967
The_Complete_Works_of_William_Shakespeare_SCENE_III,6,,9200,train,0.1765977895242672,3.124100923538208
The_Complete_Works_of_William_Shakespeare_SCENE_IV,6,,5619,train,0.17820035287198588,3.129326581954956
The_Complete_Works_of_William_Shakespeare_SCENE_V,6,,3718,train,0.17020648967551621,3.102569341659546
The_Complete_Works_of_William_Shakespeare_SCENE_VI,6,,1784,train,0.17647058823529413,3.078636407852173
The_Complete_Works_of_William_Shakespeare_SCENE_VII,6,,1182,train,0.17615176151761516,3.0902159214019775
The_Complete_Works_of_William_Shakespeare_SHE_PHOEBES_ME,6,,556,train,0.19852941176470587,3.2063536643981934
The_Complete_Works_of_William_Shakespeare_SWORE_BROTHERS,6,,534,train,0.1717557251908397,3.2037010192871094
The_Complete_Works_of_William_Shakespeare_TENDER_MY_SUIT,6,,1558,train,0.1825726141078838,3.099806308746338
The_Complete_Works_of_William_Shakespeare_THE_LECHERS_IN_THEIR_DEED,6,,447,train,0.18385650224215247,3.1073224544525146
The_Complete_Works_of_William_Shakespeare_THE_PROTESTATION_STOPS,6,,1103,train,0.18243243243243243,3.1453495025634766
The_Complete_Works_of_William_Shakespeare_THE_SILLY_LAMBS,6,,1768,train,0.18226299694189602,3.1300244331359863
The_Complete_Works_of_William_Shakespeare_THIS_IS_THE_VERY_FALSE_GALLOP_OF_VERSES,6,,801,train,0.16732026143790849,3.181889772415161
The_Complete_Works_of_William_Shakespeare_WITH_INWARD_VICE,6,,1021,train,0.17964693665628245,3.0848703384399414
The_Complete_Works_of_William_Shakespeare_WOULD_LET_HER_OUT_IN_SAUCERS,6,,501,train,0.1898989898989899,3.234464406967163
The_Complete_Works_of_William_Shakespeare_YIELD_TO_MY_LOVE,6,,2084,train,0.17561229807191245,3.090268850326538
The_Complete_Works_of_William_Shakespeare_AIR,6,,454,test,0.5,4.638308525085449
The_Complete_Works_of_William_Shakespeare_ALARUM,6,,1218,test,0.16666666666666666,3.24599552154541
The_Complete_Works_of_William_Shakespeare_AND_TALKED_OF_VIRTUE,6,,5033,test,0.17391304347826086,3.1235523223876953
The_Complete_Works_of_William_Shakespeare_EVEN_THERE_HE_STARTS,6,,2252,test,0.1813186813186813,3.1275124549865723
The_Complete_Works_of_William_Shakespeare_FLOURISH,6,,1694,test,0.12698412698412698,3.2900664806365967
The_Complete_Works_of_William_Shakespeare_FOR_COLLATINE,6,,1810,test,0.18248175182481752,3.0286202430725098
The_Complete_Works_of_William_Shakespeare_IS_WORTHY_BLAME,6,,3627,test,0.18181818181818182,3.1275601387023926
The_Complete_Works_of_William_Shakespeare_I_AM_RESOLVED,6,,585,test,0.13333333333333333,2.884124755859375
The_Complete_Works_of_William_Shakespeare_MUSIC,6,,515,test,0.25,3.3024842739105225
The_Complete_Works_of_William_Shakespeare_MY_ILL_SUSPICION,6,,2706,test,0.18061674008810572,3.440084934234619
The_Complete_Works_of_William_Shakespeare_REPLIES_HER_HUSBAND,6,,767,test,0.15151515151515152,3.223966121673584
The_Complete_Works_of_William_Shakespeare_SCENE_I,6,,10550,test,0.17705242334322452,3.1337625980377197
The_Complete_Works_of_William_Shakespeare_SCENE_II,6,,9821,test,0.19829424307036247,3.064058780670166
The_Complete_Works_of_William_Shakespeare_SCENE_III,6,,9200,test,0.19748858447488585,3.091026782989502
The_Complete_Works_of_William_Shakespeare_SCENE_IV,6,,5619,test,0.1833976833976834,3.096862316131592
The_Complete_Works_of_William_Shakespeare_SCENE_V,6,,3718,test,0.18597560975609756,3.0156495571136475
The_Complete_Works_of_William_Shakespeare_SCENE_VI,6,,1784,test,0.2074074074074074,2.988222599029541
The_Complete_Works_of_William_Shakespeare_SCENE_VII,6,,1182,test,0.18666666666666668,3.1504218578338623
The_Complete_Works_of_William_Shakespeare_SHE_PHOEBES_ME,6,,556,test,0.25,3.251871109008789
The_Complete_Works_of_William_Shakespeare_SWORE_BROTHERS,6,,534,test,0.2,3.062056064605713
The_Complete_Works_of_William_Shakespeare_TENDER_MY_SUIT,6,,1558,test,0.1875,2.966806173324585
The_Complete_Works_of_William_Shakespeare_THE_LECHERS_IN_THEIR_DEED,6,,447,test,1.0,1.6658754348754883
The_Complete_Works_of_William_Shakespeare_THE_PROTESTATION_STOPS,6,,1103,test,0.19402985074626866,3.127822160720825
The_Complete_Works_of_William_Shakespeare_THE_SILLY_LAMBS,6,,1768,test,0.18045112781954886,3.005876302719116
The_Complete_Works_of_William_Shakespeare_THIS_IS_THE_VERY_FALSE_GALLOP_OF_VERSES,6,,801,test,0.25,3.1769838333129883
The_Complete_Works_of_William_Shakespeare_WITH_INWARD_VICE,6,,1021,test,0.1896551724137931,3.218968391418457
The_Complete_Works_of_William_Shakespeare_WOULD_LET_HER_OUT_IN_SAUCERS,6,,501,test,0.16666666666666666,3.922466516494751
The_Complete_Works_of_William_Shakespeare_YIELD_TO_MY_LOVE,6,,2084,test,0.18181818181818182,3.199653387069702
The_Complete_Works_of_William_Shakespeare_AIR,8,,454,train,0.18805309734513273,3.175447463989258
The_Complete_Works_of_William_Shakespeare_ALARUM,8,,1218,train,0.15263157894736842,3.3625130653381348
The_Complete_Works_of_William_Shakespeare_AND_TALKED_OF_VIRTUE,8,,5033,train,0.1830308331511043,3.099496364593506
The_Complete_Works_of_William_Shakespeare_EVEN_THERE_HE_STARTS,8,,2252,train,0.17777777777777778,3.084982395172119
The_Complete_Works_of_William_Shakespeare_FLOURISH,8,,1694,train,0.15178571428571427,3.373771905899048
The_Complete_Works_of_William_Shakespeare_FOR_COLLATINE,8,,1810,train,0.17274357441721458,3.078037977218628
The_Complete_Works_of_William_Shakespeare_IS_WORTHY_BLAME,8,,3627,train,0.18440145102781136,3.080817937850952
The_Complete_Works_of_William_Shakespeare_I_AM_RESOLVED,8,,585,train,0.18947368421052632,3.1134731769561768
The_Complete_Works_of_William_Shakespeare_MUSIC,8,,515,train,0.1873767258382643,3.193760395050049
The_Complete_Works_of_William_Shakespeare_MY_ILL_SUSPICION,8,,2706,train,0.19402985074626866,3.1678569316864014
The_Complete_Works_of_William_Shakespeare_REPLIES_HER_HUSBAND,8,,767,train,0.167574931880109,3.170095920562744
The_Complete_Works_of_William_Shakespeare_SCENE_I,8,,10550,train,0.16940979138274453,3.1528854370117188
The_Complete_Works_of_William_Shakespeare_SCENE_II,8,,9821,train,0.1753911966677924,3.123749256134033
The_Complete_Works_of_William_Shakespeare_SCENE_III,8,,9200,train,0.1765977895242672,3.122967481613159
The_Complete_Works_of_William_Shakespeare_SCENE_IV,8,,5619,train,0.17820035287198588,3.1300973892211914
The_Complete_Works_of_William_Shakespeare_SCENE_V,8,,3718,train,0.17020648967551621,3.102752208709717
The_Complete_Works_of_William_Shakespeare_SCENE_VI,8,,1784,train,0.17647058823529413,3.077911853790283
The_Complete_Works_of_William_Shakespeare_SCENE_VII,8,,1182,train,0.17615176151761516,3.089721441268921
The_Complete_Works_of_William_Shakespeare_SHE_PHOEBES_ME,8,,556,train,0.19852941176470587,3.197999954223633
The_Complete_Works_of_William_Shakespeare_SWORE_BROTHERS,8,,534,train,0.1717557251908397,3.1960785388946533
The_Complete_Works_of_William_Shakespeare_TENDER_MY_SUIT,8,,1558,train,0.1825726141078838,3.0905423164367676
The_Complete_Works_of_William_Shakespeare_THE_LECHERS_IN_THEIR_DEED,8,,447,train,0.18385650224215247,3.101351737976074
The_Complete_Works_of_William_Shakespeare_THE_PROTESTATION_STOPS,8,,1103,train,0.18243243243243243,3.137298822402954
The_Complete_Works_of_William_Shakespeare_THE_SILLY_LAMBS,8,,1768,train,0.18226299694189602,3.1215603351593018
The_Complete_Works_of_William_Shakespeare_THIS_IS_THE_VERY_FALSE_GALLOP_OF_VERSES,8,,801,train,0.16732026143790849,3.1752004623413086
The_Complete_Works_of_William_Shakespeare_WITH_INWARD_VICE,8,,1021,train,0.17964693665628245,3.0772030353546143
The_Complete_Works_of_William_Shakespeare_WOULD_LET_HER_OUT_IN_SAUCERS,8,,501,train,0.1898989898989899,3.2248966693878174
The_Complete_Works_of_William_Shakespeare_YIELD_TO_MY_LOVE,8,,2084,train,0.17561229807191245,3.082598924636841
The_Complete_Works_of_William_Shakespeare_AIR,8,,454,test,0.5,4.759079933166504
The_Complete_Works_of_William_Shakespeare_ALARUM,8,,1218,test,0.16666666666666666,3.25087571144104
The_Complete_Works_of_William_Shakespeare_AND_TALKED_OF_VIRTUE,8,,5033,test,0.17391304347826086,3.1139309406280518
The_Complete_Works_of_William_Shakespeare_EVEN_THERE_HE_STARTS,8,,2252,test,0.1813186813186813,3.1255013942718506
The_Complete_Works_of_William_Shakespeare_FLOURISH,8,,1694,test,0.12698412698412698,3.2879652976989746
The_Complete_Works_of_William_Shakespeare_FOR_COLLATINE,8,,1810,test,0.18248175182481752,3.0198166370391846
The_Complete_Works_of_William_Shakespeare_IS_WORTHY_BLAME,8,,3627,test,0.18181818181818182,3.121613025665283
The_Complete_Works_of_William_Shakespeare_I_AM_RESOLVED,8,,585,test,0.13333333333333333,2.8881866931915283
The_Complete_Works_of_William_Shakespeare_MUSIC,8,,515,test,0.25,3.296888589859009
The_Complete_Works_of_William_Shakespeare_MY_ILL_SUSPICION,8,,2706,test,0.18061674008810572,3.4347033500671387
The_Complete_Works_of_William_Shakespeare_REPLIES_HER_HUSBAND,8,,767,test,0.15151515151515152,3.2391324043273926
The_Complete_Works_of_William_Shakespeare_SCENE_I,8,,10550,test,0.17705242334322452,3.134380340576172
The_Complete_Works_of_William_Shakespeare_SCENE_II,8,,9821,test,0.19829424307036247,3.068941593170166
The_Complete_Works_of_William_Shakespeare_SCENE_III,8,,9200,test,0.19748858447488585,3.089905261993408
The_Complete_Works_of_William_Shakespeare_SCENE_IV,8,,5619,test,0.1833976833976834,3.0965776443481445
The_Complete_Works_of_William_Shakespeare_SCENE_V,8,,3718,test,0.18597560975609756,3.0131585597991943
The_Complete_Works_of_William_Shakespeare_SCENE_VI,8,,1784,test,0.2074074074074074,2.98240327835083
The_Complete_Works_of_William_Shakespeare_SCENE_VII,8,,1182,test,0.18666666666666668,3.1621086597442627
The_Complete_Works_of_William_Shakespeare_SHE_PHOEBES_ME,8,,556,test,0.25,3.2621657848358154
The_Complete_Works_of_William_Shakespeare_SWORE_BROTHERS,8,,534,test,0.2,3.0416016578674316
The_Complete_Works_of_William_Shakespeare_TENDER_MY_SUIT,8,,1558,test,0.1875,2.9616539478302
The_Complete_Works_of_William_Shakespeare_THE_LECHERS_IN_THEIR_DEED,8,,447,test,1.0,1.6606708765029907
The_Complete_Works_of_William_Shakespeare_THE_PROTESTATION_STOPS,8,,1103,test,0.19402985074626866,3.114213466644287
The_Complete_Works_of_William_Shakespeare_THE_SILLY_LAMBS,8,,1768,test,0.18045112781954886,2.9968578815460205
The_Complete_Works_of_William_Shakespeare_THIS_IS_THE_VERY_FALSE_GALLOP_OF_VERSES,8,,801,test,0.25,3.1700572967529297
The_Complete_Works_of_William_Shakespeare_WITH_INWARD_VICE,8,,1021,test,0.1896551724137931,3.208674669265747
The_Complete_Works_of_William_Shakespeare_WOULD_LET_HER_OUT_IN_SAUCERS,8,,501,test,0.16666666666666666,3.958726167678833
The_Complete_Works_of_William_Shakespeare_YIELD_TO_MY_LOVE,8,,2084,test,0.18181818181818182,3.1865756511688232
The_Complete_Works_of_William_Shakespeare_AIR,10,,454,train,0.18805309734513273,3.1492862701416016
The_Complete_Works_of_William_Shakespeare_ALARUM,10,,1218,train,0.15263157894736842,3.332415819168091
The_Complete_Works_of_William_Shakespeare_AND_TALKED_OF_VIRTUE,10,,5033,train,0.1830308331511043,3.0650928020477295
The_Complete_Works_of_William_Shakespeare_EVEN_THERE_HE_STARTS,10,,2252,train,0.17777777777777778,3.0425803661346436
The_Complete_Works_of_William_Shakespeare_FLOURISH,10,,1694,train,0.15178571428571427,3.338690996170044
The_Complete_Works_of_William_Shakespeare_FOR_COLLATINE,10,,1810,train,0.17274357441721458,3.041672945022583
The_Complete_Works_of_William_Shakespeare_IS_WORTHY_BLAME,10,,3627,train,0.18440145102781136,3.0396621227264404
The_Complete_Works_of_William_Shakespeare_I_AM_RESOLVED,10,,585,train,0.18947368421052632,3.071943759918213
The_Complete_Works_of_William_Shakespeare_MUSIC,10,,515,train,0.1873767258382643,3.1469883918762207
The_Complete_Works_of_William_Shakespeare_MY_ILL_SUSPICION,10,,2706,train,0.19402985074626866,3.123739004135132
The_Complete_Works_of_William_Shakespeare_REPLIES_HER_HUSBAND,10,,767,train,0.167574931880109,3.12898850440979
The_Complete_Works_of_William_Shakespeare_SCENE_I,10,,10550,train,0.16940979138274453,3.2072277069091797
The_Complete_Works_of_William_Shakespeare_SCENE_II,10,,9821,train,0.1753911966677924,3.178039312362671
The_Complete_Works_of_William_Shakespeare_SCENE_III,10,,9200,train,0.1765977895242672,3.162396192550659
The_Complete_Works_of_William_Shakespeare_SCENE_IV,10,,5619,train,0.17820035287198588,3.1867761611938477
The_Complete_Works_of_William_Shakespeare_SCENE_V,10,,3718,train,0.17020648967551621,3.1478352546691895
The_Complete_Works_of_William_Shakespeare_SCENE_VI,10,,1784,train,0.17647058823529413,3.132237434387207
The_Complete_Works_of_William_Shakespeare_SCENE_VII,10,,1182,train,0.17615176151761516,3.1427266597747803
The_Complete_Works_of_William_Shakespeare_SHE_PHOEBES_ME,10,,556,train,0.19852941176470587,3.1540164947509766
The_Complete_Works_of_William_Shakespeare_SWORE_BROTHERS,10,,534,train,0.1717557251908397,3.1757750511169434
The_Complete_Works_of_William_Shakespeare_TENDER_MY_SUIT,10,,1558,train,0.1825726141078838,3.0551228523254395
The_Complete_Works_of_William_Shakespeare_THE_LECHERS_IN_THEIR_DEED,10,,447,train,0.18385650224215247,3.067331314086914
The_Complete_Works_of_William_Shakespeare_THE_PROTESTATION_STOPS,10,,1103,train,0.18243243243243243,3.097555637359619
The_Complete_Works_of_William_Shakespeare_THE_SILLY_LAMBS,10,,1768,train,0.18226299694189602,3.085339069366455
The_Complete_Works_of_William_Shakespeare_THIS_IS_THE_VERY_FALSE_GALLOP_OF_VERSES,10,,801,train,0.16732026143790849,3.147860527038574
The_Complete_Works_of_William_Shakespeare_WITH_INWARD_VICE,10,,1021,train,0.17964693665628245,3.046157121658325
The_Complete_Works_of_William_Shakespeare_WOULD_LET_HER_OUT_IN_SAUCERS,10,,501,train,0.1898989898989899,3.1870598793029785
The_Complete_Works_of_William_Shakespeare_YIELD_TO_MY_LOVE,10,,2084,train,0.17561229807191245,3.0456154346466064
The_Complete_Works_of_William_Shakespeare_AIR,10,,454,test,0.5,4.783389568328857
The_Complete_Works_of_William_Shakespeare_ALARUM,10,,1218,test,0.16666666666666666,3.2664613723754883
The_Complete_Works_of_William_Shakespeare_AND_TALKED_OF_VIRTUE,10,,5033,test,0.17391304347826086,3.0795459747314453
The_Complete_Works_of_William_Shakespeare_EVEN_THERE_HE_STARTS,10,,2252,test,0.1813186813186813,3.105755090713501
The_Complete_Works_of_William_Shakespeare_FLOURISH,10,,1694,test,0.12698412698412698,3.2558839321136475
The_Complete_Works_of_William_Shakespeare_FOR_COLLATINE,10,,1810,test,0.18248175182481752,2.9986977577209473
The_Complete_Works_of_William_Shakespeare_IS_WORTHY_BLAME,10,,3627,test,0.18181818181818182,3.082939386367798
The_Complete_Works_of_William_Shakespeare_I_AM_RESOLVED,10,,585,test,0.13333333333333333,2.8895955085754395
The_Complete_Works_of_William_Shakespeare_MUSIC,10,,515,test,0.25,3.2202045917510986
The_Complete_Works_of_William_Shakespeare_MY_ILL_SUSPICION,10,,2706,test,0.18061674008810572,3.4140734672546387
The_Complete_Works_of_William_Shakespeare_REPLIES_HER_HUSBAND,10,,767,test,0.15151515151515152,3.2623703479766846
The_Complete_Works_of_William_Shakespeare_SCENE_I,10,,10550,test,0.17705242334322452,3.1852123737335205
The_Complete_Works_of_William_Shakespeare_SCENE_II,10,,9821,test,0.19829424307036247,3.133303642272949
The_Complete_Works_of_William_Shakespeare_SCENE_III,10,,9200,test,0.19748858447488585,3.100804328918457
The_Complete_Works_of_William_Shakespeare_SCENE_IV,10,,5619,test,0.1833976833976834,3.1473517417907715
The_Complete_Works_of_William_Shakespeare_SCENE_V,10,,3718,test,0.18597560975609756,3.065532684326172
The_Complete_Works_of_William_Shakespeare_SCENE_VI,10,,1784,test,0.2074074074074074,3.020719528198242
The_Complete_Works_of_William_Shakespeare_SCENE_VII,10,,1182,test,0.18666666666666668,3.2314703464508057
The_Complete_Works_of_William_Shakespeare_SHE_PHOEBES_ME,10,,556,test,0.25,3.2263031005859375
The_Complete_Works_of_William_Shakespeare_SWORE_BROTHERS,10,,534,test,0.2,3.041231632232666
The_Complete_Works_of_William_Shakespeare_TENDER_MY_SUIT,10,,1558,test,0.1875,2.9454329013824463
The_Complete_Works_of_William_Shakespeare_THE_LECHERS_IN_THEIR_DEED,10,,447,test,1.0,1.6652743816375732
The_Complete_Works_of_William_Shakespeare_THE_PROTESTATION_STOPS,10,,1103,test,0.19402985074626866,3.0589845180511475
The_Complete_Works_of_William_Shakespeare_THE_SILLY_LAMBS,10,,1768,test,0.18045112781954886,2.9501442909240723
The_Complete_Works_of_William_Shakespeare_THIS_IS_THE_VERY_FALSE_GALLOP_OF_VERSES,10,,801,test,0.25,3.146374225616455
The_Complete_Works_of_William_Shakespeare_WITH_INWARD_VICE,10,,1021,test,0.1896551724137931,3.1643941402435303
The_Complete_Works_of_William_Shakespeare_WOULD_LET_HER_OUT_IN_SAUCERS,10,,501,test,0.16666666666666666,4.083788871765137
The_Complete_Works_of_William_Shakespeare_YIELD_TO_MY_LOVE,10,,2084,test,0.18181818181818182,3.1236460208892822
The_Complete_Works_of_William_Shakespeare_AIR,12,,454,train,0.18805309734513273,3.1839418411254883
The_Complete_Works_of_William_Shakespeare_ALARUM,12,,1218,train,0.15263157894736842,3.365511178970337
The_Complete_Works_of_William_Shakespeare_AND_TALKED_OF_VIRTUE,12,,5033,train,0.1830308331511043,3.100839138031006
The_Complete_Works_of_William_Shakespeare_EVEN_THERE_HE_STARTS,12,,2252,train,0.17777777777777778,3.085564374923706
The_Complete_Works_of_William_Shakespeare_FLOURISH,12,,1694,train,0.15178571428571427,3.376347780227661
The_Complete_Works_of_William_Shakespeare_FOR_COLLATINE,12,,1810,train,0.17274357441721458,3.0773942470550537
The_Complete_Works_of_William_Shakespeare_IS_WORTHY_BLAME,12,,3627,train,0.18440145102781136,3.0775561332702637
The_Complete_Works_of_William_Shakespeare_I_AM_RESOLVED,12,,585,train,0.18947368421052632,3.11211895942688
The_Complete_Works_of_William_Shakespeare_MUSIC,12,,515,train,0.1873767258382643,3.1971890926361084
The_Complete_Works_of_William_Shakespeare_MY_ILL_SUSPICION,12,,2706,train,0.19402985074626866,3.1705069541931152
The_Complete_Works_of_William_Shakespeare_REPLIES_HER_HUSBAND,12,,767,train,0.167574931880109,3.1693923473358154
The_Complete_Works_of_William_Shakespeare_SCENE_I,12,,10550,train,0.16940979138274453,3.151089906692505
The_Complete_Works_of_William_Shakespeare_SCENE_II,12,,9821,train,0.1753911966677924,3.1227564811706543
The_Complete_Works_of_William_Shakespeare_SCENE_III,12,,9200,train,0.1765977895242672,3.1236047744750977
The_Complete_Works_of_William_Shakespeare_SCENE_IV,12,,5619,train,0.17820035287198588,3.12796950340271
The_Complete_Works_of_William_Shakespeare_SCENE_V,12,,3718,train,0.17020648967551621,3.1024279594421387
The_Complete_Works_of_William_Shakespeare_SCENE_VI,12,,1784,train,0.17647058823529413,3.080617904663086
The_Complete_Works_of_William_Shakespeare_SCENE_VII,12,,1182,train,0.17615176151761516,3.093453884124756
The_Complete_Works_of_William_Shakespeare_SHE_PHOEBES_ME,12,,556,train,0.19852941176470587,3.2040655612945557
The_Complete_Works_of_William_Shakespeare_SWORE_BROTHERS,12,,534,train,0.1717557251908397,3.1955342292785645
The_Complete_Works_of_William_Shakespeare_TENDER_MY_SUIT,12,,1558,train,0.1825726141078838,3.0932071208953857
The_Complete_Works_of_William_Shakespeare_THE_LECHERS_IN_THEIR_DEED,12,,447,train,0.18385650224215247,3.099581718444824
The_Complete_Works_of_William_Shakespeare_THE_PROTESTATION_STOPS,12,,1103,train,0.18243243243243243,3.137179374694824
The_Complete_Works_of_William_Shakespeare_THE_SILLY_LAMBS,12,,1768,train,0.18226299694189602,3.1231415271759033
The_Complete_Works_of_William_Shakespeare_THIS_IS_THE_VERY_FALSE_GALLOP_OF_VERSES,12,,801,train,0.16732026143790849,3.1719679832458496
The_Complete_Works_of_William_Shakespeare_WITH_INWARD_VICE,12,,1021,train,0.17964693665628245,3.07895565032959
The_Complete_Works_of_William_Shakespeare_WOULD_LET_HER_OUT_IN_SAUCERS,12,,501,train,0.1898989898989899,3.22877836227417
The_Complete_Works_of_William_Shakespeare_YIELD_TO_MY_LOVE,12,,2084,train,0.17561229807191245,3.0811450481414795
The_Complete_Works_of_William_Shakespeare_AIR,12,,454,test,0.5,4.926886081695557
The_Complete_Works_of_William_Shakespeare_ALARUM,12,,1218,test,0.16666666666666666,3.2513911724090576
The_Complete_Works_of_William_Shakespeare_AND_TALKED_OF_VIRTUE,12,,5033,test,0.17391304347826086,3.10931134223938
The_Complete_Works_of_William_Shakespeare_EVEN_THERE_HE_STARTS,12,,2252,test,0.1813186813186813,3.1257433891296387
The_Complete_Works_of_William_Shakespeare_FLOURISH,12,,1694,test,0.12698412698412698,3.2834901809692383
The_Complete_Works_of_William_Shakespeare_FOR_COLLATINE,12,,1810,test,0.18248175182481752,3.02022385597229
The_Complete_Works_of_William_Shakespeare_IS_WORTHY_BLAME,12,,3627,test,0.18181818181818182,3.1234018802642822
The_Complete_Works_of_William_Shakespeare_I_AM_RESOLVED,12,,585,test,0.13333333333333333,2.891395092010498
The_Complete_Works_of_William_Shakespeare_MUSIC,12,,515,test,0.25,3.3148741722106934
The_Complete_Works_of_William_Shakespeare_MY_ILL_SUSPICION,12,,2706,test,0.18061674008810572,3.430387496948242
The_Complete_Works_of_William_Shakespeare_REPLIES_HER_HUSBAND,12,,767,test,0.15151515151515152,3.2646427154541016
The_Complete_Works_of_William_Shakespeare_SCENE_I,12,,10550,test,0.17705242334322452,3.136462688446045
The_Complete_Works_of_William_Shakespeare_SCENE_II,12,,9821,test,0.19829424307036247,3.062744140625
The_Complete_Works_of_William_Shakespeare_SCENE_III,12,,9200,test,0.19748858447488585,3.0941855907440186
The_Complete_Works_of_William_Shakespeare_SCENE_IV,12,,5619,test,0.1833976833976834,3.095243215560913
The_Complete_Works_of_William_Shakespeare_SCENE_V,12,,3718,test,0.18597560975609756,3.0183138847351074
The_Complete_Works_of_William_Shakespeare_SCENE_VI,12,,1784,test,0.2074074074074074,2.9791507720947266
The_Complete_Works_of_William_Shakespeare_SCENE_VII,12,,1182,test,0.18666666666666668,3.166229248046875
The_Complete_Works_of_William_Shakespeare_SHE_PHOEBES_ME,12,,556,test,0.25,3.2787749767303467
The_Complete_Works_of_William_Shakespeare_SWORE_BROTHERS,12,,534,test,0.2,3.058872699737549
The_Complete_Works_of_William_Shakespeare_TENDER_MY_SUIT,12,,1558,test,0.1875,2.967170476913452
The_Complete_Works_of_William_Shakespeare_THE_LECHERS_IN_THEIR_DEED,12,,447,test,1.0,1.7134302854537964
The_Complete_Works_of_William_Shakespeare_THE_PROTESTATION_STOPS,12,,1103,test,0.19402985074626866,3.1119797229766846
The_Complete_Works_of_William_Shakespeare_THE_SILLY_LAMBS,12,,1768,test,0.18045112781954886,3.000605344772339
The_Complete_Works_of_William_Shakespeare_THIS_IS_THE_VERY_FALSE_GALLOP_OF_VERSES,12,,801,test,0.25,3.175511598587036
The_Complete_Works_of_William_Shakespeare_WITH_INWARD_VICE,12,,1021,test,0.1896551724137931,3.211895704269409
The_Complete_Works_of_William_Shakespeare_WOULD_LET_HER_OUT_IN_SAUCERS,12,,501,test,0.16666666666666666,3.984083890914917
The_Complete_Works_of_William_Shakespeare_YIELD_TO_MY_LOVE,12,,2084,test,0.18181818181818182,3.187450885772705
The_Complete_Works_of_William_Shakespeare_AIR,14,,454,train,0.18805309734513273,3.1595375537872314
The_Complete_Works_of_William_Shakespeare_ALARUM,14,,1218,train,0.15263157894736842,3.328113555908203
The_Complete_Works_of_William_Shakespeare_AND_TALKED_OF_VIRTUE,14,,5033,train,0.1830308331511043,3.094205379486084
The_Complete_Works_of_William_Shakespeare_EVEN_THERE_HE_STARTS,14,,2252,train,0.17777777777777778,3.0744752883911133
The_Complete_Works_of_William_Shakespeare_FLOURISH,14,,1694,train,0.15178571428571427,3.3333497047424316
The_Complete_Works_of_William_Shakespeare_FOR_COLLATINE,14,,1810,train,0.17274357441721458,3.074798583984375
The_Complete_Works_of_William_Shakespeare_IS_WORTHY_BLAME,14,,3627,train,0.18440145102781136,3.075195550918579
The_Complete_Works_of_William_Shakespeare_I_AM_RESOLVED,14,,585,train,0.18947368421052632,3.1039586067199707
The_Complete_Works_of_William_Shakespeare_MUSIC,14,,515,train,0.1873767258382643,3.172124147415161
The_Complete_Works_of_William_Shakespeare_MY_ILL_SUSPICION,14,,2706,train,0.19402985074626866,3.1622135639190674
The_Complete_Works_of_William_Shakespeare_REPLIES_HER_HUSBAND,14,,767,train,0.167574931880109,3.159919500350952
The_Complete_Works_of_William_Shakespeare_SCENE_I,14,,10550,train,0.16940979138274453,3.157330274581909
The_Complete_Works_of_William_Shakespeare_SCENE_II,14,,9821,train,0.1753911966677924,3.1285061836242676
The_Complete_Works_of_William_Shakespeare_SCENE_III,14,,9200,train,0.1765977895242672,3.124234199523926
The_Complete_Works_of_William_Shakespeare_SCENE_IV,14,,5619,train,0.17820035287198588,3.134114980697632
The_Complete_Works_of_William_Shakespeare_SCENE_V,14,,3718,train,0.17020648967551621,3.100996732711792
The_Complete_Works_of_William_Shakespeare_SCENE_VI,14,,1784,train,0.17647058823529413,3.0794434547424316
The_Complete_Works_of_William_Shakespeare_SCENE_VII,14,,1182,train,0.17615176151761516,3.09216570854187
The_Complete_Works_of_William_Shakespeare_SHE_PHOEBES_ME,14,,556,train,0.19852941176470587,3.1903223991394043
The_Complete_Works_of_William_Shakespeare_SWORE_BROTHERS,14,,534,train,0.1717557251908397,3.1939947605133057
The_Complete_Works_of_William_Shakespeare_TENDER_MY_SUIT,14,,1558,train,0.1825726141078838,3.0873665809631348
The_Complete_Works_of_William_Shakespeare_THE_LECHERS_IN_THEIR_DEED,14,,447,train,0.18385650224215247,3.095646858215332
The_Complete_Works_of_William_Shakespeare_THE_PROTESTATION_STOPS,14,,1103,train,0.18243243243243243,3.1271560192108154
The_Complete_Works_of_William_Shakespeare_THE_SILLY_LAMBS,14,,1768,train,0.18226299694189602,3.1151797771453857
The_Complete_Works_of_William_Shakespeare_THIS_IS_THE_VERY_FALSE_GALLOP_OF_VERSES,14,,801,train,0.16732026143790849,3.1671371459960938
The_Complete_Works_of_William_Shakespeare_WITH_INWARD_VICE,14,,1021,train,0.17964693665628245,3.075162410736084
The_Complete_Works_of_William_Shakespeare_WOULD_LET_HER_OUT_IN_SAUCERS,14,,501,train,0.1898989898989899,3.2187492847442627
The_Complete_Works_of_William_Shakespeare_YIELD_TO_MY_LOVE,14,,2084,train,0.17561229807191245,3.0735135078430176
The_Complete_Works_of_William_Shakespeare_AIR,14,,454,test,0.5,4.887429237365723
The_Complete_Works_of_William_Shakespeare_ALARUM,14,,1218,test,0.16666666666666666,3.21872615814209
The_Complete_Works_of_William_Shakespeare_AND_TALKED_OF_VIRTUE,14,,5033,test,0.17391304347826086,3.111112117767334
The_Complete_Works_of_William_Shakespeare_EVEN_THERE_HE_STARTS,14,,2252,test,0.1813186813186813,3.124346971511841
The_Complete_Works_of_William_Shakespeare_FLOURISH,14,,1694,test,0.12698412698412698,3.258997678756714
The_Complete_Works_of_William_Shakespeare_FOR_COLLATINE,14,,1810,test,0.18248175182481752,3.021779775619507
The_Complete_Works_of_William_Shakespeare_IS_WORTHY_BLAME,14,,3627,test,0.18181818181818182,3.1088597774505615
The_Complete_Works_of_William_Shakespeare_I_AM_RESOLVED,14,,585,test,0.13333333333333333,2.8857457637786865
The_Complete_Works_of_William_Shakespeare_MUSIC,14,,515,test,0.25,3.263460636138916
The_Complete_Works_of_William_Shakespeare_MY_ILL_SUSPICION,14,,2706,test,0.18061674008810572,3.4119789600372314
The_Complete_Works_of_William_Shakespeare_REPLIES_HER_HUSBAND,14,,767,test,0.15151515151515152,3.2389745712280273
The_Complete_Works_of_William_Shakespeare_SCENE_I,14,,10550,test,0.17705242334322452,3.1340444087982178
The_Complete_Works_of_William_Shakespeare_SCENE_II,14,,9821,test,0.19829424307036247,3.0804171562194824
The_Complete_Works_of_William_Shakespeare_SCENE_III,14,,9200,test,0.19748858447488585,3.093322277069092
The_Complete_Works_of_William_Shakespeare_SCENE_IV,14,,5619,test,0.1833976833976834,3.1004791259765625
The_Complete_Works_of_William_Shakespeare_SCENE_V,14,,3718,test,0.18597560975609756,3.0248734951019287
The_Complete_Works_of_William_Shakespeare_SCENE_VI,14,,1784,test,0.2074074074074074,2.9934256076812744
The_Complete_Works_of_William_Shakespeare_SCENE_VII,14,,1182,test,0.18666666666666668,3.1888198852539062
The_Complete_Works_of_William_Shakespeare_SHE_PHOEBES_ME,14,,556,test,0.25,3.293339967727661
The_Complete_Works_of_William_Shakespeare_SWORE_BROTHERS,14,,534,test,0.2,3.0477001667022705
The_Complete_Works_of_William_Shakespeare_TENDER_MY_SUIT,14,,1558,test,0.1875,2.9775750637054443
The_Complete_Works_of_William_Shakespeare_THE_LECHERS_IN_THEIR_DEED,14,,447,test,1.0,1.735533356666565
The_Complete_Works_of_William_Shakespeare_THE_PROTESTATION_STOPS,14,,1103,test,0.19402985074626866,3.108909845352173
The_Complete_Works_of_William_Shakespeare_THE_SILLY_LAMBS,14,,1768,test,0.18045112781954886,2.985992908477783
The_Complete_Works_of_William_Shakespeare_THIS_IS_THE_VERY_FALSE_GALLOP_OF_VERSES,14,,801,test,0.25,3.162135601043701
The_Complete_Works_of_William_Shakespeare_WITH_INWARD_VICE,14,,1021,test,0.1896551724137931,3.194195508956909
The_Complete_Works_of_William_Shakespeare_WOULD_LET_HER_OUT_IN_SAUCERS,14,,501,test,0.16666666666666666,4.0629448890686035
The_Complete_Works_of_William_Shakespeare_YIELD_TO_MY_LOVE,14,,2084,test,0.18181818181818182,3.177823066711426
The_Complete_Works_of_William_Shakespeare_AIR,16,,454,train,0.18805309734513273,3.1506502628326416
The_Complete_Works_of_William_Shakespeare_ALARUM,16,,1218,train,0.15263157894736842,3.3324477672576904
The_Complete_Works_of_William_Shakespeare_AND_TALKED_OF_VIRTUE,16,,5033,train,0.1830308331511043,3.059947967529297
The_Complete_Works_of_William_Shakespeare_EVEN_THERE_HE_STARTS,16,,2252,train,0.17777777777777778,3.0375816822052
The_Complete_Works_of_William_Shakespeare_FLOURISH,16,,1694,train,0.15178571428571427,3.346835136413574
The_Complete_Works_of_William_Shakespeare_FOR_COLLATINE,16,,1810,train,0.17274357441721458,3.037686586380005
The_Complete_Works_of_William_Shakespeare_IS_WORTHY_BLAME,16,,3627,train,0.18440145102781136,3.0339484214782715
The_Complete_Works_of_William_Shakespeare_I_AM_RESOLVED,16,,585,train,0.18947368421052632,3.064659595489502
The_Complete_Works_of_William_Shakespeare_MUSIC,16,,515,train,0.1873767258382643,3.1444451808929443
The_Complete_Works_of_William_Shakespeare_MY_ILL_SUSPICION,16,,2706,train,0.19402985074626866,3.121589183807373
The_Complete_Works_of_William_Shakespeare_REPLIES_HER_HUSBAND,16,,767,train,0.167574931880109,3.1227431297302246
The_Complete_Works_of_William_Shakespeare_SCENE_I,16,,10550,train,0.16940979138274453,3.2180182933807373
The_Complete_Works_of_William_Shakespeare_SCENE_II,16,,9821,train,0.1753911966677924,3.1881234645843506
The_Complete_Works_of_William_Shakespeare_SCENE_III,16,,9200,train,0.1765977895242672,3.1714329719543457
The_Complete_Works_of_William_Shakespeare_SCENE_IV,16,,5619,train,0.17820035287198588,3.197580575942993
The_Complete_Works_of_William_Shakespeare_SCENE_V,16,,3718,train,0.17020648967551621,3.157500743865967
The_Complete_Works_of_William_Shakespeare_SCENE_VI,16,,1784,train,0.17647058823529413,3.1424431800842285
The_Complete_Works_of_William_Shakespeare_SCENE_VII,16,,1182,train,0.17615176151761516,3.1524040699005127
The_Complete_Works_of_William_Shakespeare_SHE_PHOEBES_ME,16,,556,train,0.19852941176470587,3.1494216918945312
The_Complete_Works_of_William_Shakespeare_SWORE_BROTHERS,16,,534,train,0.1717557251908397,3.171686887741089
The_Complete_Works_of_William_Shakespeare_TENDER_MY_SUIT,16,,1558,train,0.1825726141078838,3.0498263835906982
The_Complete_Works_of_William_Shakespeare_THE_LECHERS_IN_THEIR_DEED,16,,447,train,0.18385650224215247,3.061084508895874
The_Complete_Works_of_William_Shakespeare_THE_PROTESTATION_STOPS,16,,1103,train,0.18243243243243243,3.092647075653076
The_Complete_Works_of_William_Shakespeare_THE_SILLY_LAMBS,16,,1768,train,0.18226299694189602,3.0797598361968994
The_Complete_Works_of_William_Shakespeare_THIS_IS_THE_VERY_FALSE_GALLOP_OF_VERSES,16,,801,train,0.16732026143790849,3.14548397064209
The_Complete_Works_of_William_Shakespeare_WITH_INWARD_VICE,16,,1021,train,0.17964693665628245,3.042707681655884
The_Complete_Works_of_William_Shakespeare_WOULD_LET_HER_OUT_IN_SAUCERS,16,,501,train,0.1898989898989899,3.1841378211975098
The_Complete_Works_of_William_Shakespeare_YIELD_TO_MY_LOVE,16,,2084,train,0.17561229807191245,3.0397186279296875
The_Complete_Works_of_William_Shakespeare_AIR,16,,454,test,0.5,4.88548469543457
The_Complete_Works_of_William_Shakespeare_ALARUM,16,,1218,test,0.16666666666666666,3.2724173069000244
The_Complete_Works_of_William_Shakespeare_AND_TALKED_OF_VIRTUE,16,,5033,test,0.17391304347826086,3.07228684425354
The_Complete_Works_of_William_Shakespeare_EVEN_THERE_HE_STARTS,16,,2252,test,0.1813186813186813,3.096001148223877
The_Complete_Works_of_William_Shakespeare_FLOURISH,16,,1694,test,0.12698412698412698,3.259707450866699
The_Complete_Works_of_William_Shakespeare_FOR_COLLATINE,16,,1810,test,0.18248175182481752,2.994973659515381
The_Complete_Works_of_William_Shakespeare_IS_WORTHY_BLAME,16,,3627,test,0.18181818181818182,3.0779597759246826
The_Complete_Works_of_William_Shakespeare_I_AM_RESOLVED,16,,585,test,0.13333333333333333,2.8784444332122803
The_Complete_Works_of_William_Shakespeare_MUSIC,16,,515,test,0.25,3.1947574615478516
The_Complete_Works_of_William_Shakespeare_MY_ILL_SUSPICION,16,,2706,test,0.18061674008810572,3.419926404953003
The_Complete_Works_of_William_Shakespeare_REPLIES_HER_HUSBAND,16,,767,test,0.15151515151515152,3.283444881439209
The_Complete_Works_of_William_Shakespeare_SCENE_I,16,,10550,test,0.17705242334322452,3.1969268321990967
The_Complete_Works_of_William_Shakespeare_SCENE_II,16,,9821,test,0.19829424307036247,3.1445960998535156
The_Complete_Works_of_William_Shakespeare_SCENE_III,16,,9200,test,0.19748858447488585,3.107175827026367
The_Complete_Works_of_William_Shakespeare_SCENE_IV,16,,5619,test,0.1833976833976834,3.155651092529297
The_Complete_Works_of_William_Shakespeare_SCENE_V,16,,3718,test,0.18597560975609756,3.0720505714416504
The_Complete_Works_of_William_Shakespeare_SCENE_VI,16,,1784,test,0.2074074074074074,3.017549514770508
The_Complete_Works_of_William_Shakespeare_SCENE_VII,16,,1182,test,0.18666666666666668,3.2437994480133057
The_Complete_Works_of_William_Shakespeare_SHE_PHOEBES_ME,16,,556,test,0.25,3.2300357818603516
The_Complete_Works_of_William_Shakespeare_SWORE_BROTHERS,16,,534,test,0.2,3.035557270050049
The_Complete_Works_of_William_Shakespeare_TENDER_MY_SUIT,16,,1558,test,0.1875,2.941286563873291
The_Complete_Works_of_William_Shakespeare_THE_LECHERS_IN_THEIR_DEED,16,,447,test,1.0,1.6794298887252808
The_Complete_Works_of_William_Shakespeare_THE_PROTESTATION_STOPS,16,,1103,test,0.19402985074626866,3.049813985824585
The_Complete_Works_of_William_Shakespeare_THE_SILLY_LAMBS,16,,1768,test,0.18045112781954886,2.9417991638183594
The_Complete_Works_of_William_Shakespeare_THIS_IS_THE_VERY_FALSE_GALLOP_OF_VERSES,16,,801,test,0.25,3.151183605194092
The_Complete_Works_of_William_Shakespeare_WITH_INWARD_VICE,16,,1021,test,0.1896551724137931,3.1515774726867676
The_Complete_Works_of_William_Shakespeare_WOULD_LET_HER_OUT_IN_SAUCERS,16,,501,test,0.16666666666666666,4.1073079109191895
The_Complete_Works_of_William_Shakespeare_YIELD_TO_MY_LOVE,16,,2084,test,0.18181818181818182,3.1164047718048096
The_Complete_Works_of_William_Shakespeare_AIR,18,,454,train,0.18805309734513273,3.188215970993042
The_Complete_Works_of_William_Shakespeare_ALARUM,18,,1218,train,0.15263157894736842,3.3687353134155273
The_Complete_Works_of_William_Shakespeare_AND_TALKED_OF_VIRTUE,18,,5033,train,0.1830308331511043,3.1095235347747803
The_Complete_Works_of_William_Shakespeare_EVEN_THERE_HE_STARTS,18,,2252,train,0.17777777777777778,3.0923049449920654
The_Complete_Works_of_William_Shakespeare_FLOURISH,18,,1694,train,0.15178571428571427,3.3759615421295166
The_Complete_Works_of_William_Shakespeare_FOR_COLLATINE,18,,1810,train,0.17274357441721458,3.0837621688842773
The_Complete_Works_of_William_Shakespeare_IS_WORTHY_BLAME,18,,3627,train,0.18440145102781136,3.088439464569092
The_Complete_Works_of_William_Shakespeare_I_AM_RESOLVED,18,,585,train,0.18947368421052632,3.120820999145508
The_Complete_Works_of_William_Shakespeare_MUSIC,18,,515,train,0.1873767258382643,3.206400156021118
The_Complete_Works_of_William_Shakespeare_MY_ILL_SUSPICION,18,,2706,train,0.19402985074626866,3.187349796295166
The_Complete_Works_of_William_Shakespeare_REPLIES_HER_HUSBAND,18,,767,train,0.167574931880109,3.180264472961426
The_Complete_Works_of_William_Shakespeare_SCENE_I,18,,10550,train,0.16940979138274453,3.1429286003112793
The_Complete_Works_of_William_Shakespeare_SCENE_II,18,,9821,train,0.1753911966677924,3.116541624069214
The_Complete_Works_of_William_Shakespeare_SCENE_III,18,,9200,train,0.1765977895242672,3.1189005374908447
The_Complete_Works_of_William_Shakespeare_SCENE_IV,18,,5619,train,0.17820035287198588,3.123932361602783
The_Complete_Works_of_William_Shakespeare_SCENE_V,18,,3718,train,0.17020648967551621,3.0973904132843018
The_Complete_Works_of_William_Shakespeare_SCENE_VI,18,,1784,train,0.17647058823529413,3.073202133178711
The_Complete_Works_of_William_Shakespeare_SCENE_VII,18,,1182,train,0.17615176151761516,3.0889463424682617
The_Complete_Works_of_William_Shakespeare_SHE_PHOEBES_ME,18,,556,train,0.19852941176470587,3.2162656784057617
The_Complete_Works_of_William_Shakespeare_SWORE_BROTHERS,18,,534,train,0.1717557251908397,3.199756145477295
The_Complete_Works_of_William_Shakespeare_TENDER_MY_SUIT,18,,1558,train,0.1825726141078838,3.102024793624878
The_Complete_Works_of_William_Shakespeare_THE_LECHERS_IN_THEIR_DEED,18,,447,train,0.18385650224215247,3.103440284729004
The_Complete_Works_of_William_Shakespeare_THE_PROTESTATION_STOPS,18,,1103,train,0.18243243243243243,3.1481738090515137
The_Complete_Works_of_William_Shakespeare_THE_SILLY_LAMBS,18,,1768,train,0.18226299694189602,3.131640911102295
The_Complete_Works_of_William_Shakespeare_THIS_IS_THE_VERY_FALSE_GALLOP_OF_VERSES,18,,801,train,0.16732026143790849,3.1758577823638916
The_Complete_Works_of_William_Shakespeare_WITH_INWARD_VICE,18,,1021,train,0.17964693665628245,3.0899744033813477
The_Complete_Works_of_William_Shakespeare_WOULD_LET_HER_OUT_IN_SAUCERS,18,,501,train,0.1898989898989899,3.2423529624938965
The_Complete_Works_of_William_Shakespeare_YIELD_TO_MY_LOVE,18,,2084,train,0.17561229807191245,3.09159517288208
The_Complete_Works_of_William_Shakespeare_AIR,18,,454,test,0.5,5.0304670333862305
The_Complete_Works_of_William_Shakespeare_ALARUM,18,,1218,test,0.16666666666666666,3.241612434387207
The_Complete_Works_of_William_Shakespeare_AND_TALKED_OF_VIRTUE,18,,5033,test,0.17391304347826086,3.117725133895874
The_Complete_Works_of_William_Shakespeare_EVEN_THERE_HE_STARTS,18,,2252,test,0.1813186813186813,3.120943784713745
The_Complete_Works_of_William_Shakespeare_FLOURISH,18,,1694,test,0.12698412698412698,3.2870991230010986
The_Complete_Works_of_William_Shakespeare_FOR_COLLATINE,18,,1810,test,0.18248175182481752,3.0351290702819824
The_Complete_Works_of_William_Shakespeare_IS_WORTHY_BLAME,18,,3627,test,0.18181818181818182,3.1311275959014893
The_Complete_Works_of_William_Shakespeare_I_AM_RESOLVED,18,,585,test,0.13333333333333333,2.882779359817505
The_Complete_Works_of_William_Shakespeare_MUSIC,18,,515,test,0.25,3.290682792663574
The_Complete_Works_of_William_Shakespeare_MY_ILL_SUSPICION,18,,2706,test,0.18061674008810572,3.434945583343506
The_Complete_Works_of_William_Shakespeare_REPLIES_HER_HUSBAND,18,,767,test,0.15151515151515152,3.2575011253356934
The_Complete_Works_of_William_Shakespeare_SCENE_I,18,,10550,test,0.17705242334322452,3.129699230194092
The_Complete_Works_of_William_Shakespeare_SCENE_II,18,,9821,test,0.19829424307036247,3.060398817062378
The_Complete_Works_of_William_Shakespeare_SCENE_III,18,,9200,test,0.19748858447488585,3.0942018032073975
The_Complete_Works_of_William_Shakespeare_SCENE_IV,18,,5619,test,0.1833976833976834,3.088801383972168
The_Complete_Works_of_William_Shakespeare_SCENE_V,18,,3718,test,0.18597560975609756,3.012826442718506
The_Complete_Works_of_William_Shakespeare_SCENE_VI,18,,1784,test,0.2074074074074074,2.9724316596984863
The_Complete_Works_of_William_Shakespeare_SCENE_VII,18,,1182,test,0.18666666666666668,3.1705074310302734
The_Complete_Works_of_William_Shakespeare_SHE_PHOEBES_ME,18,,556,test,0.25,3.337918519973755
The_Complete_Works_of_William_Shakespeare_SWORE_BROTHERS,18,,534,test,0.2,3.0609729290008545
The_Complete_Works_of_William_Shakespeare_TENDER_MY_SUIT,18,,1558,test,0.1875,2.974043607711792
The_Complete_Works_of_William_Shakespeare_THE_LECHERS_IN_THEIR_DEED,18,,447,test,1.0,1.7551907300949097
The_Complete_Works_of_William_Shakespeare_THE_PROTESTATION_STOPS,18,,1103,test,0.19402985074626866,3.141491174697876
The_Complete_Works_of_William_Shakespeare_THE_SILLY_LAMBS,18,,1768,test,0.18045112781954886,3.0152382850646973
The_Complete_Works_of_William_Shakespeare_THIS_IS_THE_VERY_FALSE_GALLOP_OF_VERSES,18,,801,test,0.25,3.1855669021606445
The_Complete_Works_of_William_Shakespeare_WITH_INWARD_VICE,18,,1021,test,0.1896551724137931,3.2311317920684814
The_Complete_Works_of_William_Shakespeare_WOULD_LET_HER_OUT_IN_SAUCERS,18,,501,test,0.16666666666666666,4.00648832321167
The_Complete_Works_of_William_Shakespeare_YIELD_TO_MY_LOVE,18,,2084,test,0.18181818181818182,3.1937477588653564
The_Complete_Works_of_William_Shakespeare_AIR,20,,454,train,0.18805309734513273,3.188926935195923
The_Complete_Works_of_William_Shakespeare_ALARUM,20,,1218,train,0.15263157894736842,3.365321397781372
The_Complete_Works_of_William_Shakespeare_AND_TALKED_OF_VIRTUE,20,,5033,train,0.1830308331511043,3.1132187843322754
The_Complete_Works_of_William_Shakespeare_EVEN_THERE_HE_STARTS,20,,2252,train,0.17777777777777778,3.097320556640625
The_Complete_Works_of_William_Shakespeare_FLOURISH,20,,1694,train,0.15178571428571427,3.37131929397583
The_Complete_Works_of_William_Shakespeare_FOR_COLLATINE,20,,1810,train,0.17274357441721458,3.0917420387268066
The_Complete_Works_of_William_Shakespeare_IS_WORTHY_BLAME,20,,3627,train,0.18440145102781136,3.093212604522705
The_Complete_Works_of_William_Shakespeare_I_AM_RESOLVED,20,,585,train,0.18947368421052632,3.1241984367370605
The_Complete_Works_of_William_Shakespeare_MUSIC,20,,515,train,0.1873767258382643,3.2078042030334473
The_Complete_Works_of_William_Shakespeare_MY_ILL_SUSPICION,20,,2706,train,0.19402985074626866,3.187770128250122
The_Complete_Works_of_William_Shakespeare_REPLIES_HER_HUSBAND,20,,767,train,0.167574931880109,3.1857385635375977
The_Complete_Works_of_William_Shakespeare_SCENE_I,20,,10550,train,0.16940979138274453,3.1403160095214844
The_Complete_Works_of_William_Shakespeare_SCENE_II,20,,9821,train,0.1753911966677924,3.1137189865112305
The_Complete_Works_of_William_Shakespeare_SCENE_III,20,,9200,train,0.1765977895242672,3.116687059402466
The_Complete_Works_of_William_Shakespeare_SCENE_IV,20,,5619,train,0.17820035287198588,3.120201826095581
The_Complete_Works_of_William_Shakespeare_SCENE_V,20,,3718,train,0.17020648967551621,3.0927531719207764
The_Complete_Works_of_William_Shakespeare_SCENE_VI,20,,1784,train,0.17647058823529413,3.066699504852295
The_Complete_Works_of_William_Shakespeare_SCENE_VII,20,,1182,train,0.17615176151761516,3.0817067623138428
The_Complete_Works_of_William_Shakespeare_SHE_PHOEBES_ME,20,,556,train,0.19852941176470587,3.219005584716797
The_Complete_Works_of_William_Shakespeare_SWORE_BROTHERS,20,,534,train,0.1717557251908397,3.2063181400299072
The_Complete_Works_of_William_Shakespeare_TENDER_MY_SUIT,20,,1558,train,0.1825726141078838,3.106053590774536
The_Complete_Works_of_William_Shakespeare_THE_LECHERS_IN_THEIR_DEED,20,,447,train,0.18385650224215247,3.11293363571167
The_Complete_Works_of_William_Shakespeare_THE_PROTESTATION_STOPS,20,,1103,train,0.18243243243243243,3.151920795440674
The_Complete_Works_of_William_Shakespeare_THE_SILLY_LAMBS,20,,1768,train,0.18226299694189602,3.136934995651245
The_Complete_Works_of_William_Shakespeare_THIS_IS_THE_VERY_FALSE_GALLOP_OF_VERSES,20,,801,train,0.16732026143790849,3.181962013244629
The_Complete_Works_of_William_Shakespeare_WITH_INWARD_VICE,20,,1021,train,0.17964693665628245,3.09238600730896
The_Complete_Works_of_William_Shakespeare_WOULD_LET_HER_OUT_IN_SAUCERS,20,,501,train,0.1898989898989899,3.243831157684326
The_Complete_Works_of_William_Shakespeare_YIELD_TO_MY_LOVE,20,,2084,train,0.17561229807191245,3.0950965881347656
The_Complete_Works_of_William_Shakespeare_AIR,20,,454,test,0.5,5.040133953094482
The_Complete_Works_of_William_Shakespeare_ALARUM,20,,1218,test,0.16666666666666666,3.2358574867248535
The_Complete_Works_of_William_Shakespeare_AND_TALKED_OF_VIRTUE,20,,5033,test,0.17391304347826086,3.12626576423645
The_Complete_Works_of_William_Shakespeare_EVEN_THERE_HE_STARTS,20,,2252,test,0.1813186813186813,3.1343162059783936
The_Complete_Works_of_William_Shakespeare_FLOURISH,20,,1694,test,0.12698412698412698,3.2884950637817383
The_Complete_Works_of_William_Shakespeare_FOR_COLLATINE,20,,1810,test,0.18248175182481752,3.0292325019836426
The_Complete_Works_of_William_Shakespeare_IS_WORTHY_BLAME,20,,3627,test,0.18181818181818182,3.135582685470581
The_Complete_Works_of_William_Shakespeare_I_AM_RESOLVED,20,,585,test,0.13333333333333333,2.9000604152679443
The_Complete_Works_of_William_Shakespeare_MUSIC,20,,515,test,0.25,3.3042869567871094
The_Complete_Works_of_William_Shakespeare_MY_ILL_SUSPICION,20,,2706,test,0.18061674008810572,3.4300031661987305
The_Complete_Works_of_William_Shakespeare_REPLIES_HER_HUSBAND,20,,767,test,0.15151515151515152,3.2539968490600586
The_Complete_Works_of_William_Shakespeare_SCENE_I,20,,10550,test,0.17705242334322452,3.1219472885131836
The_Complete_Works_of_William_Shakespeare_SCENE_II,20,,9821,test,0.19829424307036247,3.0584003925323486
The_Complete_Works_of_William_Shakespeare_SCENE_III,20,,9200,test,0.19748858447488585,3.096041440963745
The_Complete_Works_of_William_Shakespeare_SCENE_IV,20,,5619,test,0.1833976833976834,3.0869381427764893
The_Complete_Works_of_William_Shakespeare_SCENE_V,20,,3718,test,0.18597560975609756,3.0104355812072754
The_Complete_Works_of_William_Shakespeare_SCENE_VI,20,,1784,test,0.2074074074074074,2.9732158184051514
The_Complete_Works_of_William_Shakespeare_SCENE_VII,20,,1182,test,0.18666666666666668,3.1676089763641357
The_Complete_Works_of_William_Shakespeare_SHE_PHOEBES_ME,20,,556,test,0.25,3.3356521129608154
The_Complete_Works_of_William_Shakespeare_SWORE_BROTHERS,20,,534,test,0.2,3.0592901706695557
The_Complete_Works_of_William_Shakespeare_TENDER_MY_SUIT,20,,1558,test,0.1875,2.9833314418792725
The_Complete_Works_of_William_Shakespeare_THE_LECHERS_IN_THEIR_DEED,20,,447,test,1.0,1.721062183380127
The_Complete_Works_of_William_Shakespeare_THE_PROTESTATION_STOPS,20,,1103,test,0.19402985074626866,3.1434712409973145
The_Complete_Works_of_William_Shakespeare_THE_SILLY_LAMBS,20,,1768,test,0.18045112781954886,3.0179412364959717
The_Complete_Works_of_William_Shakespeare_THIS_IS_THE_VERY_FALSE_GALLOP_OF_VERSES,20,,801,test,0.25,3.1835319995880127
The_Complete_Works_of_William_Shakespeare_WITH_INWARD_VICE,20,,1021,test,0.1896551724137931,3.2252864837646484
The_Complete_Works_of_William_Shakespeare_WOULD_LET_HER_OUT_IN_SAUCERS,20,,501,test,0.16666666666666666,4.038125514984131
The_Complete_Works_of_William_Shakespeare_YIELD_TO_MY_LOVE,20,,2084,test,0.18181818181818182,3.204796314239502
