THE_LIFE_OF_TIMON_OF_ATHENS_LUCULLIUS,1,,338,train,3271488,3271488,315663140
THE_LIFE_OF_KING_HENRY_THE_FIFTH_NYM,1,,1950,train,3271488,3271488,1724006380
THE_SECOND_PART_OF_KING_HENRY_THE_SIXTH_MESSENGER,1,,1030,train,3271488,3271488,922707640
CYMBELINE_CLOTEN,1,,10844,train,3271488,3271488,9494175980
KING_RICHARD_III_MAYOR,1,,589,train,3271488,3271488,534199160
THE_THIRD_PART_OF_KING_HENRY_THE_SIXTH_MONTAGUE,1,,679,train,3271488,3271488,607044500
THE_TAMING_OF_THE_SHREW_GRUMIO,1,,7324,train,3271488,3271488,6410389920
KING_RICHARD_III_SECOND_MURDERER,1,,2213,train,3271488,3271488,1942542400
THE_LIFE_OF_KING_HENRY_THE_FIFTH_CONSTABLE,1,,4746,train,3271488,3271488,4152184380
THE_TRAGEDY_OF_ANTONY_AND_CLEOPATRA_OCTAVIA,1,,1143,train,3271488,3271488,1019834760
THE_TRAGEDY_OF_ANTONY_AND_CLEOPATRA_SILIUS,2,,300,train,3271488,3271488,267099580
THE_WINTER_S_TALE_MARINER,2,,291,train,3271488,3271488,267099580
A_MIDSUMMER_NIGHT_S_DREAM_BOTTOM,2,,8676,train,3271488,3271488,7600197140
THE_LIFE_OF_KING_HENRY_THE_FIFTH_EXETER,2,,5434,train,3271488,3271488,4759228880
CYMBELINE_BELARIUS,2,,13313,train,3271488,3271488,11655254400
THE_SECOND_PART_OF_KING_HENRY_THE_SIXTH_MESSENGER,2,,1030,train,3271488,3271488,922707640
THE_LIFE_OF_TIMON_OF_ATHENS_ALCIBIADES,2,,5510,train,3271488,3271488,4832074220
THE_THIRD_PART_OF_KING_HENRY_THE_SIXTH_MONTAGUE,2,,679,train,3271488,3271488,607044500
THE_LIFE_OF_TIMON_OF_ATHENS_FIRST_SENATOR,2,,3080,train,3271488,3271488,2695277580
THE_LIFE_OF_KING_HENRY_THE_FIFTH_NYM,2,,1950,train,3271488,3271488,1724006380
THE_TRAGEDY_OF_ANTONY_AND_CLEOPATRA_SILIUS,3,,300,train,3271488,3271488,267099580
THE_WINTER_S_TALE_MARINER,3,,291,train,3271488,3271488,267099580
A_MIDSUMMER_NIGHT_S_DREAM_BOTTOM,3,,8676,train,3271488,3271488,7600197140
THE_LIFE_OF_KING_HENRY_THE_FIFTH_EXETER,3,,5434,train,3271488,3271488,4759228880
CYMBELINE_BELARIUS,3,,13313,train,3271488,3271488,11655254400
THE_SECOND_PART_OF_KING_HENRY_THE_SIXTH_MESSENGER,3,,1030,train,3271488,3271488,922707640
THE_LIFE_OF_TIMON_OF_ATHENS_ALCIBIADES,3,,5510,train,3271488,3271488,4832074220
THE_THIRD_PART_OF_KING_HENRY_THE_SIXTH_MONTAGUE,3,,679,train,3271488,3271488,607044500
THE_LIFE_OF_TIMON_OF_ATHENS_FIRST_SENATOR,3,,3080,train,3271488,3271488,2695277580
THE_LIFE_OF_KING_HENRY_THE_FIFTH_NYM,3,,1950,train,3271488,3271488,1724006380
THE_TRAGEDY_OF_ANTONY_AND_CLEOPATRA_SILIUS,4,,300,train,3271488,3271488,267099580
THE_WINTER_S_TALE_MARINER,4,,291,train,3271488,3271488,267099580
A_MIDSUMMER_NIGHT_S_DREAM_BOTTOM,4,,8676,train,3271488,3271488,7600197140
THE_LIFE_OF_KING_HENRY_THE_FIFTH_EXETER,4,,5434,train,3271488,3271488,4759228880
CYMBELINE_BELARIUS,4,,13313,train,3271488,3271488,11655254400
THE_SECOND_PART_OF_KING_HENRY_THE_SIXTH_MESSENGER,4,,1030,train,3271488,3271488,922707640
THE_LIFE_OF_TIMON_OF_ATHENS_ALCIBIADES,4,,5510,train,3271488,3271488,4832074220
THE_THIRD_PART_OF_KING_HENRY_THE_SIXTH_MONTAGUE,4,,679,train,3271488,3271488,607044500
THE_LIFE_OF_TIMON_OF_ATHENS_FIRST_SENATOR,4,,3080,train,3271488,3271488,2695277580
THE_LIFE_OF_KING_HENRY_THE_FIFTH_NYM,4,,1950,train,3271488,3271488,1724006380
THE_TRAGEDY_OF_ANTONY_AND_CLEOPATRA_SILIUS,5,,300,train,3271488,3271488,267099580
THE_WINTER_S_TALE_MARINER,5,,291,train,3271488,3271488,267099580
A_MIDSUMMER_NIGHT_S_DREAM_BOTTOM,5,,8676,train,3271488,3271488,7600197140
THE_LIFE_OF_KING_HENRY_THE_FIFTH_EXETER,5,,5434,train,3271488,3271488,4759228880
CYMBELINE_BELARIUS,5,,13313,train,3271488,3271488,11655254400
THE_SECOND_PART_OF_KING_HENRY_THE_SIXTH_MESSENGER,5,,1030,train,3271488,3271488,922707640
THE_LIFE_OF_TIMON_OF_ATHENS_ALCIBIADES,5,,5510,train,3271488,3271488,4832074220
THE_THIRD_PART_OF_KING_HENRY_THE_SIXTH_MONTAGUE,5,,679,train,3271488,3271488,607044500
THE_LIFE_OF_TIMON_OF_ATHENS_FIRST_SENATOR,5,,3080,train,3271488,3271488,2695277580
THE_LIFE_OF_KING_HENRY_THE_FIFTH_NYM,5,,1950,train,3271488,3271488,1724006380
THE_TRAGEDY_OF_ANTONY_AND_CLEOPATRA_SILIUS,6,,300,train,3271488,3271488,267099580
THE_WINTER_S_TALE_MARINER,6,,291,train,3271488,3271488,267099580
A_MIDSUMMER_NIGHT_S_DREAM_BOTTOM,6,,8676,train,3271488,3271488,7600197140
THE_LIFE_OF_KING_HENRY_THE_FIFTH_EXETER,6,,5434,train,3271488,3271488,4759228880
CYMBELINE_BELARIUS,6,,13313,train,3271488,3271488,11655254400
THE_SECOND_PART_OF_KING_HENRY_THE_SIXTH_MESSENGER,6,,1030,train,3271488,3271488,922707640
THE_LIFE_OF_TIMON_OF_ATHENS_ALCIBIADES,6,,5510,train,3271488,3271488,4832074220
THE_THIRD_PART_OF_KING_HENRY_THE_SIXTH_MONTAGUE,6,,679,train,3271488,3271488,607044500
THE_LIFE_OF_TIMON_OF_ATHENS_FIRST_SENATOR,6,,3080,train,3271488,3271488,2695277580
THE_LIFE_OF_KING_HENRY_THE_FIFTH_NYM,6,,1950,train,3271488,3271488,1724006380
THE_TRAGEDY_OF_ANTONY_AND_CLEOPATRA_SILIUS,7,,300,train,3271488,3271488,267099580
THE_WINTER_S_TALE_MARINER,7,,291,train,3271488,3271488,267099580
A_MIDSUMMER_NIGHT_S_DREAM_BOTTOM,7,,8676,train,3271488,3271488,7600197140
THE_LIFE_OF_KING_HENRY_THE_FIFTH_EXETER,7,,5434,train,3271488,3271488,4759228880
CYMBELINE_BELARIUS,7,,13313,train,3271488,3271488,11655254400
THE_SECOND_PART_OF_KING_HENRY_THE_SIXTH_MESSENGER,7,,1030,train,3271488,3271488,922707640
THE_LIFE_OF_TIMON_OF_ATHENS_ALCIBIADES,7,,5510,train,3271488,3271488,4832074220
THE_THIRD_PART_OF_KING_HENRY_THE_SIXTH_MONTAGUE,7,,679,train,3271488,3271488,607044500
THE_LIFE_OF_TIMON_OF_ATHENS_FIRST_SENATOR,7,,3080,train,3271488,3271488,2695277580
THE_LIFE_OF_KING_HENRY_THE_FIFTH_NYM,7,,1950,train,3271488,3271488,1724006380
THE_TRAGEDY_OF_ANTONY_AND_CLEOPATRA_SILIUS,8,,300,train,3271488,3271488,267099580
THE_WINTER_S_TALE_MARINER,8,,291,train,3271488,3271488,267099580
A_MIDSUMMER_NIGHT_S_DREAM_BOTTOM,8,,8676,train,3271488,3271488,7600197140
THE_LIFE_OF_KING_HENRY_THE_FIFTH_EXETER,8,,5434,train,3271488,3271488,4759228880
CYMBELINE_BELARIUS,8,,13313,train,3271488,3271488,11655254400
THE_SECOND_PART_OF_KING_HENRY_THE_SIXTH_MESSENGER,8,,1030,train,3271488,3271488,922707640
THE_LIFE_OF_TIMON_OF_ATHENS_ALCIBIADES,8,,5510,train,3271488,3271488,4832074220
THE_THIRD_PART_OF_KING_HENRY_THE_SIXTH_MONTAGUE,8,,679,train,3271488,3271488,607044500
THE_LIFE_OF_TIMON_OF_ATHENS_FIRST_SENATOR,8,,3080,train,3271488,3271488,2695277580
THE_LIFE_OF_KING_HENRY_THE_FIFTH_NYM,8,,1950,train,3271488,3271488,1724006380
THE_TRAGEDY_OF_ANTONY_AND_CLEOPATRA_SILIUS,9,,300,train,3271488,3271488,267099580
THE_WINTER_S_TALE_MARINER,9,,291,train,3271488,3271488,267099580
A_MIDSUMMER_NIGHT_S_DREAM_BOTTOM,9,,8676,train,3271488,3271488,7600197140
THE_LIFE_OF_KING_HENRY_THE_FIFTH_EXETER,9,,5434,train,3271488,3271488,4759228880
CYMBELINE_BELARIUS,9,,13313,train,3271488,3271488,11655254400
THE_SECOND_PART_OF_KING_HENRY_THE_SIXTH_MESSENGER,9,,1030,train,3271488,3271488,922707640
THE_LIFE_OF_TIMON_OF_ATHENS_ALCIBIADES,9,,5510,train,3271488,3271488,4832074220
THE_THIRD_PART_OF_KING_HENRY_THE_SIXTH_MONTAGUE,9,,679,train,3271488,3271488,607044500
THE_LIFE_OF_TIMON_OF_ATHENS_FIRST_SENATOR,9,,3080,train,3271488,3271488,2695277580
THE_LIFE_OF_KING_HENRY_THE_FIFTH_NYM,9,,1950,train,3271488,3271488,1724006380
THE_TRAGEDY_OF_ANTONY_AND_CLEOPATRA_SILIUS,10,,300,train,3271488,3271488,267099580
THE_WINTER_S_TALE_MARINER,10,,291,train,3271488,3271488,267099580
A_MIDSUMMER_NIGHT_S_DREAM_BOTTOM,10,,8676,train,3271488,3271488,7600197140
THE_LIFE_OF_KING_HENRY_THE_FIFTH_EXETER,10,,5434,train,3271488,3271488,4759228880
CYMBELINE_BELARIUS,10,,13313,train,3271488,3271488,11655254400
THE_SECOND_PART_OF_KING_HENRY_THE_SIXTH_MESSENGER,10,,1030,train,3271488,3271488,922707640
THE_LIFE_OF_TIMON_OF_ATHENS_ALCIBIADES,10,,5510,train,3271488,3271488,4832074220
THE_THIRD_PART_OF_KING_HENRY_THE_SIXTH_MONTAGUE,10,,679,train,3271488,3271488,607044500
THE_LIFE_OF_TIMON_OF_ATHENS_FIRST_SENATOR,10,,3080,train,3271488,3271488,2695277580
THE_LIFE_OF_KING_HENRY_THE_FIFTH_NYM,10,,1950,train,3271488,3271488,1724006380
THE_TRAGEDY_OF_ANTONY_AND_CLEOPATRA_SILIUS,11,,300,train,3271488,3271488,267099580
THE_WINTER_S_TALE_MARINER,11,,291,train,3271488,3271488,267099580
A_MIDSUMMER_NIGHT_S_DREAM_BOTTOM,11,,8676,train,3271488,3271488,7600197140
THE_LIFE_OF_KING_HENRY_THE_FIFTH_EXETER,11,,5434,train,3271488,3271488,4759228880
CYMBELINE_BELARIUS,11,,13313,train,3271488,3271488,11655254400
THE_SECOND_PART_OF_KING_HENRY_THE_SIXTH_MESSENGER,11,,1030,train,3271488,3271488,922707640
THE_LIFE_OF_TIMON_OF_ATHENS_ALCIBIADES,11,,5510,train,3271488,3271488,4832074220
THE_THIRD_PART_OF_KING_HENRY_THE_SIXTH_MONTAGUE,11,,679,train,3271488,3271488,607044500
THE_LIFE_OF_TIMON_OF_ATHENS_FIRST_SENATOR,11,,3080,train,3271488,3271488,2695277580
THE_LIFE_OF_KING_HENRY_THE_FIFTH_NYM,11,,1950,train,3271488,3271488,1724006380
THE_TRAGEDY_OF_ANTONY_AND_CLEOPATRA_SILIUS,12,,300,train,3271488,3271488,267099580
THE_WINTER_S_TALE_MARINER,12,,291,train,3271488,3271488,267099580
A_MIDSUMMER_NIGHT_S_DREAM_BOTTOM,12,,8676,train,3271488,3271488,7600197140
THE_LIFE_OF_KING_HENRY_THE_FIFTH_EXETER,12,,5434,train,3271488,3271488,4759228880
CYMBELINE_BELARIUS,12,,13313,train,3271488,3271488,11655254400
THE_SECOND_PART_OF_KING_HENRY_THE_SIXTH_MESSENGER,12,,1030,train,3271488,3271488,922707640
THE_LIFE_OF_TIMON_OF_ATHENS_ALCIBIADES,12,,5510,train,3271488,3271488,4832074220
THE_THIRD_PART_OF_KING_HENRY_THE_SIXTH_MONTAGUE,12,,679,train,3271488,3271488,607044500
THE_LIFE_OF_TIMON_OF_ATHENS_FIRST_SENATOR,12,,3080,train,3271488,3271488,2695277580
THE_LIFE_OF_KING_HENRY_THE_FIFTH_NYM,12,,1950,train,3271488,3271488,1724006380
THE_TRAGEDY_OF_ANTONY_AND_CLEOPATRA_SILIUS,13,,300,train,3271488,3271488,267099580
THE_WINTER_S_TALE_MARINER,13,,291,train,3271488,3271488,267099580
A_MIDSUMMER_NIGHT_S_DREAM_BOTTOM,13,,8676,train,3271488,3271488,7600197140
THE_LIFE_OF_KING_HENRY_THE_FIFTH_EXETER,13,,5434,train,3271488,3271488,4759228880
CYMBELINE_BELARIUS,13,,13313,train,3271488,3271488,11655254400
THE_SECOND_PART_OF_KING_HENRY_THE_SIXTH_MESSENGER,13,,1030,train,3271488,3271488,922707640
THE_LIFE_OF_TIMON_OF_ATHENS_ALCIBIADES,13,,5510,train,3271488,3271488,4832074220
THE_THIRD_PART_OF_KING_HENRY_THE_SIXTH_MONTAGUE,13,,679,train,3271488,3271488,607044500
THE_LIFE_OF_TIMON_OF_ATHENS_FIRST_SENATOR,13,,3080,train,3271488,3271488,2695277580
THE_LIFE_OF_KING_HENRY_THE_FIFTH_NYM,13,,1950,train,3271488,3271488,1724006380
THE_TRAGEDY_OF_ANTONY_AND_CLEOPATRA_SILIUS,14,,300,train,3271488,3271488,267099580
THE_WINTER_S_TALE_MARINER,14,,291,train,3271488,3271488,267099580
A_MIDSUMMER_NIGHT_S_DREAM_BOTTOM,14,,8676,train,3271488,3271488,7600197140
THE_LIFE_OF_KING_HENRY_THE_FIFTH_EXETER,14,,5434,train,3271488,3271488,4759228880
CYMBELINE_BELARIUS,14,,13313,train,3271488,3271488,11655254400
THE_SECOND_PART_OF_KING_HENRY_THE_SIXTH_MESSENGER,14,,1030,train,3271488,3271488,922707640
THE_LIFE_OF_TIMON_OF_ATHENS_ALCIBIADES,14,,5510,train,3271488,3271488,4832074220
THE_THIRD_PART_OF_KING_HENRY_THE_SIXTH_MONTAGUE,14,,679,train,3271488,3271488,607044500
THE_LIFE_OF_TIMON_OF_ATHENS_FIRST_SENATOR,14,,3080,train,3271488,3271488,2695277580
THE_LIFE_OF_KING_HENRY_THE_FIFTH_NYM,14,,1950,train,3271488,3271488,1724006380
THE_TRAGEDY_OF_ANTONY_AND_CLEOPATRA_SILIUS,15,,300,train,3271488,3271488,267099580
THE_WINTER_S_TALE_MARINER,15,,291,train,3271488,3271488,267099580
A_MIDSUMMER_NIGHT_S_DREAM_BOTTOM,15,,8676,train,3271488,3271488,7600197140
THE_LIFE_OF_KING_HENRY_THE_FIFTH_EXETER,15,,5434,train,3271488,3271488,4759228880
CYMBELINE_BELARIUS,15,,13313,train,3271488,3271488,11655254400
THE_SECOND_PART_OF_KING_HENRY_THE_SIXTH_MESSENGER,15,,1030,train,3271488,3271488,922707640
THE_LIFE_OF_TIMON_OF_ATHENS_ALCIBIADES,15,,5510,train,3271488,3271488,4832074220
THE_THIRD_PART_OF_KING_HENRY_THE_SIXTH_MONTAGUE,15,,679,train,3271488,3271488,607044500
THE_LIFE_OF_TIMON_OF_ATHENS_FIRST_SENATOR,15,,3080,train,3271488,3271488,2695277580
THE_LIFE_OF_KING_HENRY_THE_FIFTH_NYM,15,,1950,train,3271488,3271488,1724006380
THE_TRAGEDY_OF_ANTONY_AND_CLEOPATRA_SILIUS,16,,300,train,3271488,3271488,267099580
THE_WINTER_S_TALE_MARINER,16,,291,train,3271488,3271488,267099580
A_MIDSUMMER_NIGHT_S_DREAM_BOTTOM,16,,8676,train,3271488,3271488,7600197140
THE_LIFE_OF_KING_HENRY_THE_FIFTH_EXETER,16,,5434,train,3271488,3271488,4759228880
CYMBELINE_BELARIUS,16,,13313,train,3271488,3271488,11655254400
THE_SECOND_PART_OF_KING_HENRY_THE_SIXTH_MESSENGER,16,,1030,train,3271488,3271488,922707640
THE_LIFE_OF_TIMON_OF_ATHENS_ALCIBIADES,16,,5510,train,3271488,3271488,4832074220
THE_THIRD_PART_OF_KING_HENRY_THE_SIXTH_MONTAGUE,16,,679,train,3271488,3271488,607044500
THE_LIFE_OF_TIMON_OF_ATHENS_FIRST_SENATOR,16,,3080,train,3271488,3271488,2695277580
THE_LIFE_OF_KING_HENRY_THE_FIFTH_NYM,16,,1950,train,3271488,3271488,1724006380
THE_TRAGEDY_OF_ANTONY_AND_CLEOPATRA_SILIUS,17,,300,train,3271488,3271488,267099580
THE_WINTER_S_TALE_MARINER,17,,291,train,3271488,3271488,267099580
A_MIDSUMMER_NIGHT_S_DREAM_BOTTOM,17,,8676,train,3271488,3271488,7600197140
THE_LIFE_OF_KING_HENRY_THE_FIFTH_EXETER,17,,5434,train,3271488,3271488,4759228880
CYMBELINE_BELARIUS,17,,13313,train,3271488,3271488,11655254400
THE_SECOND_PART_OF_KING_HENRY_THE_SIXTH_MESSENGER,17,,1030,train,3271488,3271488,922707640
THE_LIFE_OF_TIMON_OF_ATHENS_ALCIBIADES,17,,5510,train,3271488,3271488,4832074220
THE_THIRD_PART_OF_KING_HENRY_THE_SIXTH_MONTAGUE,17,,679,train,3271488,3271488,607044500
THE_LIFE_OF_TIMON_OF_ATHENS_FIRST_SENATOR,17,,3080,train,3271488,3271488,2695277580
THE_LIFE_OF_KING_HENRY_THE_FIFTH_NYM,17,,1950,train,3271488,3271488,1724006380
THE_TRAGEDY_OF_ANTONY_AND_CLEOPATRA_SILIUS,18,,300,train,3271488,3271488,267099580
THE_WINTER_S_TALE_MARINER,18,,291,train,3271488,3271488,267099580
A_MIDSUMMER_NIGHT_S_DREAM_BOTTOM,18,,8676,train,3271488,3271488,7600197140
THE_LIFE_OF_KING_HENRY_THE_FIFTH_EXETER,18,,5434,train,3271488,3271488,4759228880
CYMBELINE_BELARIUS,18,,13313,train,3271488,3271488,11655254400
THE_SECOND_PART_OF_KING_HENRY_THE_SIXTH_MESSENGER,18,,1030,train,3271488,3271488,922707640
THE_LIFE_OF_TIMON_OF_ATHENS_ALCIBIADES,18,,5510,train,3271488,3271488,4832074220
THE_THIRD_PART_OF_KING_HENRY_THE_SIXTH_MONTAGUE,18,,679,train,3271488,3271488,607044500
THE_LIFE_OF_TIMON_OF_ATHENS_FIRST_SENATOR,18,,3080,train,3271488,3271488,2695277580
THE_LIFE_OF_KING_HENRY_THE_FIFTH_NYM,18,,1950,train,3271488,3271488,1724006380
THE_TRAGEDY_OF_ANTONY_AND_CLEOPATRA_SILIUS,19,,300,train,3271488,3271488,267099580
THE_WINTER_S_TALE_MARINER,19,,291,train,3271488,3271488,267099580
A_MIDSUMMER_NIGHT_S_DREAM_BOTTOM,19,,8676,train,3271488,3271488,7600197140
THE_LIFE_OF_KING_HENRY_THE_FIFTH_EXETER,19,,5434,train,3271488,3271488,4759228880
CYMBELINE_BELARIUS,19,,13313,train,3271488,3271488,11655254400
THE_SECOND_PART_OF_KING_HENRY_THE_SIXTH_MESSENGER,19,,1030,train,3271488,3271488,922707640
THE_LIFE_OF_TIMON_OF_ATHENS_ALCIBIADES,19,,5510,train,3271488,3271488,4832074220
THE_THIRD_PART_OF_KING_HENRY_THE_SIXTH_MONTAGUE,19,,679,train,3271488,3271488,607044500
THE_LIFE_OF_TIMON_OF_ATHENS_FIRST_SENATOR,19,,3080,train,3271488,3271488,2695277580
THE_LIFE_OF_KING_HENRY_THE_FIFTH_NYM,19,,1950,train,3271488,3271488,1724006380
THE_TRAGEDY_OF_ANTONY_AND_CLEOPATRA_SILIUS,20,,300,train,3271488,3271488,267099580
THE_WINTER_S_TALE_MARINER,20,,291,train,3271488,3271488,267099580
A_MIDSUMMER_NIGHT_S_DREAM_BOTTOM,20,,8676,train,3271488,3271488,7600197140
THE_LIFE_OF_KING_HENRY_THE_FIFTH_EXETER,20,,5434,train,3271488,3271488,4759228880
CYMBELINE_BELARIUS,20,,13313,train,3271488,3271488,11655254400
THE_SECOND_PART_OF_KING_HENRY_THE_SIXTH_MESSENGER,20,,1030,train,3271488,3271488,922707640
THE_LIFE_OF_TIMON_OF_ATHENS_ALCIBIADES,20,,5510,train,3271488,3271488,4832074220
THE_THIRD_PART_OF_KING_HENRY_THE_SIXTH_MONTAGUE,20,,679,train,3271488,3271488,607044500
THE_LIFE_OF_TIMON_OF_ATHENS_FIRST_SENATOR,20,,3080,train,3271488,3271488,2695277580
THE_LIFE_OF_KING_HENRY_THE_FIFTH_NYM,20,,1950,train,3271488,3271488,1724006380
THE_TRAGEDY_OF_ANTONY_AND_CLEOPATRA_SILIUS,21,,300,train,3271488,3271488,267099580
THE_WINTER_S_TALE_MARINER,21,,291,train,3271488,3271488,267099580
A_MIDSUMMER_NIGHT_S_DREAM_BOTTOM,21,,8676,train,3271488,3271488,7600197140
THE_LIFE_OF_KING_HENRY_THE_FIFTH_EXETER,21,,5434,train,3271488,3271488,4759228880
CYMBELINE_BELARIUS,21,,13313,train,3271488,3271488,11655254400
THE_SECOND_PART_OF_KING_HENRY_THE_SIXTH_MESSENGER,21,,1030,train,3271488,3271488,922707640
THE_LIFE_OF_TIMON_OF_ATHENS_ALCIBIADES,21,,5510,train,3271488,3271488,4832074220
THE_THIRD_PART_OF_KING_HENRY_THE_SIXTH_MONTAGUE,21,,679,train,3271488,3271488,607044500
THE_LIFE_OF_TIMON_OF_ATHENS_FIRST_SENATOR,21,,3080,train,3271488,3271488,2695277580
THE_LIFE_OF_KING_HENRY_THE_FIFTH_NYM,21,,1950,train,3271488,3271488,1724006380
THE_TRAGEDY_OF_ANTONY_AND_CLEOPATRA_SILIUS,22,,300,train,3271488,3271488,267099580
THE_WINTER_S_TALE_MARINER,22,,291,train,3271488,3271488,267099580
A_MIDSUMMER_NIGHT_S_DREAM_BOTTOM,22,,8676,train,3271488,3271488,7600197140
THE_LIFE_OF_KING_HENRY_THE_FIFTH_EXETER,22,,5434,train,3271488,3271488,4759228880
CYMBELINE_BELARIUS,22,,13313,train,3271488,3271488,11655254400
THE_SECOND_PART_OF_KING_HENRY_THE_SIXTH_MESSENGER,22,,1030,train,3271488,3271488,922707640
THE_LIFE_OF_TIMON_OF_ATHENS_ALCIBIADES,22,,5510,train,3271488,3271488,4832074220
THE_THIRD_PART_OF_KING_HENRY_THE_SIXTH_MONTAGUE,22,,679,train,3271488,3271488,607044500
THE_LIFE_OF_TIMON_OF_ATHENS_FIRST_SENATOR,22,,3080,train,3271488,3271488,2695277580
THE_LIFE_OF_KING_HENRY_THE_FIFTH_NYM,22,,1950,train,3271488,3271488,1724006380
THE_TRAGEDY_OF_ANTONY_AND_CLEOPATRA_SILIUS,23,,300,train,3271488,3271488,267099580
THE_WINTER_S_TALE_MARINER,23,,291,train,3271488,3271488,267099580
A_MIDSUMMER_NIGHT_S_DREAM_BOTTOM,23,,8676,train,3271488,3271488,7600197140
THE_LIFE_OF_KING_HENRY_THE_FIFTH_EXETER,23,,5434,train,3271488,3271488,4759228880
CYMBELINE_BELARIUS,23,,13313,train,3271488,3271488,11655254400
THE_SECOND_PART_OF_KING_HENRY_THE_SIXTH_MESSENGER,23,,1030,train,3271488,3271488,922707640
THE_LIFE_OF_TIMON_OF_ATHENS_ALCIBIADES,23,,5510,train,3271488,3271488,4832074220
THE_THIRD_PART_OF_KING_HENRY_THE_SIXTH_MONTAGUE,23,,679,train,3271488,3271488,607044500
THE_LIFE_OF_TIMON_OF_ATHENS_FIRST_SENATOR,23,,3080,train,3271488,3271488,2695277580
THE_LIFE_OF_KING_HENRY_THE_FIFTH_NYM,23,,1950,train,3271488,3271488,1724006380
THE_TRAGEDY_OF_ANTONY_AND_CLEOPATRA_SILIUS,24,,300,train,3271488,3271488,267099580
THE_WINTER_S_TALE_MARINER,24,,291,train,3271488,3271488,267099580
A_MIDSUMMER_NIGHT_S_DREAM_BOTTOM,24,,8676,train,3271488,3271488,7600197140
THE_LIFE_OF_KING_HENRY_THE_FIFTH_EXETER,24,,5434,train,3271488,3271488,4759228880
CYMBELINE_BELARIUS,24,,13313,train,3271488,3271488,11655254400
THE_SECOND_PART_OF_KING_HENRY_THE_SIXTH_MESSENGER,24,,1030,train,3271488,3271488,922707640
THE_LIFE_OF_TIMON_OF_ATHENS_ALCIBIADES,24,,5510,train,3271488,3271488,4832074220
THE_THIRD_PART_OF_KING_HENRY_THE_SIXTH_MONTAGUE,24,,679,train,3271488,3271488,607044500
THE_LIFE_OF_TIMON_OF_ATHENS_FIRST_SENATOR,24,,3080,train,3271488,3271488,2695277580
THE_LIFE_OF_KING_HENRY_THE_FIFTH_NYM,24,,1950,train,3271488,3271488,1724006380
THE_TRAGEDY_OF_ANTONY_AND_CLEOPATRA_SILIUS,25,,300,train,3271488,3271488,267099580
THE_WINTER_S_TALE_MARINER,25,,291,train,3271488,3271488,267099580
A_MIDSUMMER_NIGHT_S_DREAM_BOTTOM,25,,8676,train,3271488,3271488,7600197140
THE_LIFE_OF_KING_HENRY_THE_FIFTH_EXETER,25,,5434,train,3271488,3271488,4759228880
CYMBELINE_BELARIUS,25,,13313,train,3271488,3271488,11655254400
THE_SECOND_PART_OF_KING_HENRY_THE_SIXTH_MESSENGER,25,,1030,train,3271488,3271488,922707640
THE_LIFE_OF_TIMON_OF_ATHENS_ALCIBIADES,25,,5510,train,3271488,3271488,4832074220
THE_THIRD_PART_OF_KING_HENRY_THE_SIXTH_MONTAGUE,25,,679,train,3271488,3271488,607044500
THE_LIFE_OF_TIMON_OF_ATHENS_FIRST_SENATOR,25,,3080,train,3271488,3271488,2695277580
THE_LIFE_OF_KING_HENRY_THE_FIFTH_NYM,25,,1950,train,3271488,3271488,1724006380
THE_TRAGEDY_OF_ANTONY_AND_CLEOPATRA_SILIUS,26,,300,train,3271488,3271488,267099580
THE_WINTER_S_TALE_MARINER,26,,291,train,3271488,3271488,267099580
A_MIDSUMMER_NIGHT_S_DREAM_BOTTOM,26,,8676,train,3271488,3271488,7600197140
THE_LIFE_OF_KING_HENRY_THE_FIFTH_EXETER,26,,5434,train,3271488,3271488,4759228880
CYMBELINE_BELARIUS,26,,13313,train,3271488,3271488,11655254400
THE_SECOND_PART_OF_KING_HENRY_THE_SIXTH_MESSENGER,26,,1030,train,3271488,3271488,922707640
THE_LIFE_OF_TIMON_OF_ATHENS_ALCIBIADES,26,,5510,train,3271488,3271488,4832074220
THE_THIRD_PART_OF_KING_HENRY_THE_SIXTH_MONTAGUE,26,,679,train,3271488,3271488,607044500
THE_LIFE_OF_TIMON_OF_ATHENS_FIRST_SENATOR,26,,3080,train,3271488,3271488,2695277580
THE_LIFE_OF_KING_HENRY_THE_FIFTH_NYM,26,,1950,train,3271488,3271488,1724006380
THE_TRAGEDY_OF_ANTONY_AND_CLEOPATRA_SILIUS,27,,300,train,3271488,3271488,267099580
THE_WINTER_S_TALE_MARINER,27,,291,train,3271488,3271488,267099580
A_MIDSUMMER_NIGHT_S_DREAM_BOTTOM,27,,8676,train,3271488,3271488,7600197140
THE_LIFE_OF_KING_HENRY_THE_FIFTH_EXETER,27,,5434,train,3271488,3271488,4759228880
CYMBELINE_BELARIUS,27,,13313,train,3271488,3271488,11655254400
THE_SECOND_PART_OF_KING_HENRY_THE_SIXTH_MESSENGER,27,,1030,train,3271488,3271488,922707640
THE_LIFE_OF_TIMON_OF_ATHENS_ALCIBIADES,27,,5510,train,3271488,3271488,4832074220
THE_THIRD_PART_OF_KING_HENRY_THE_SIXTH_MONTAGUE,27,,679,train,3271488,3271488,607044500
THE_LIFE_OF_TIMON_OF_ATHENS_FIRST_SENATOR,27,,3080,train,3271488,3271488,2695277580
THE_LIFE_OF_KING_HENRY_THE_FIFTH_NYM,27,,1950,train,3271488,3271488,1724006380
THE_TRAGEDY_OF_ANTONY_AND_CLEOPATRA_SILIUS,28,,300,train,3271488,3271488,267099580
THE_WINTER_S_TALE_MARINER,28,,291,train,3271488,3271488,267099580
A_MIDSUMMER_NIGHT_S_DREAM_BOTTOM,28,,8676,train,3271488,3271488,7600197140
THE_LIFE_OF_KING_HENRY_THE_FIFTH_EXETER,28,,5434,train,3271488,3271488,4759228880
CYMBELINE_BELARIUS,28,,13313,train,3271488,3271488,11655254400
THE_SECOND_PART_OF_KING_HENRY_THE_SIXTH_MESSENGER,28,,1030,train,3271488,3271488,922707640
THE_LIFE_OF_TIMON_OF_ATHENS_ALCIBIADES,28,,5510,train,3271488,3271488,4832074220
THE_THIRD_PART_OF_KING_HENRY_THE_SIXTH_MONTAGUE,28,,679,train,3271488,3271488,607044500
THE_LIFE_OF_TIMON_OF_ATHENS_FIRST_SENATOR,28,,3080,train,3271488,3271488,2695277580
THE_LIFE_OF_KING_HENRY_THE_FIFTH_NYM,28,,1950,train,3271488,3271488,1724006380
THE_TRAGEDY_OF_ANTONY_AND_CLEOPATRA_SILIUS,29,,300,train,3271488,3271488,267099580
THE_WINTER_S_TALE_MARINER,29,,291,train,3271488,3271488,267099580
A_MIDSUMMER_NIGHT_S_DREAM_BOTTOM,29,,8676,train,3271488,3271488,7600197140
THE_LIFE_OF_KING_HENRY_THE_FIFTH_EXETER,29,,5434,train,3271488,3271488,4759228880
CYMBELINE_BELARIUS,29,,13313,train,3271488,3271488,11655254400
THE_SECOND_PART_OF_KING_HENRY_THE_SIXTH_MESSENGER,29,,1030,train,3271488,3271488,922707640
THE_LIFE_OF_TIMON_OF_ATHENS_ALCIBIADES,29,,5510,train,3271488,3271488,4832074220
THE_THIRD_PART_OF_KING_HENRY_THE_SIXTH_MONTAGUE,29,,679,train,3271488,3271488,607044500
THE_LIFE_OF_TIMON_OF_ATHENS_FIRST_SENATOR,29,,3080,train,3271488,3271488,2695277580
THE_LIFE_OF_KING_HENRY_THE_FIFTH_NYM,29,,1950,train,3271488,3271488,1724006380
THE_TRAGEDY_OF_ANTONY_AND_CLEOPATRA_SILIUS,30,,300,train,3271488,3271488,267099580
THE_WINTER_S_TALE_MARINER,30,,291,train,3271488,3271488,267099580
A_MIDSUMMER_NIGHT_S_DREAM_BOTTOM,30,,8676,train,3271488,3271488,7600197140
THE_LIFE_OF_KING_HENRY_THE_FIFTH_EXETER,30,,5434,train,3271488,3271488,4759228880
CYMBELINE_BELARIUS,30,,13313,train,3271488,3271488,11655254400
THE_SECOND_PART_OF_KING_HENRY_THE_SIXTH_MESSENGER,30,,1030,train,3271488,3271488,922707640
THE_LIFE_OF_TIMON_OF_ATHENS_ALCIBIADES,30,,5510,train,3271488,3271488,4832074220
THE_THIRD_PART_OF_KING_HENRY_THE_SIXTH_MONTAGUE,30,,679,train,3271488,3271488,607044500
THE_LIFE_OF_TIMON_OF_ATHENS_FIRST_SENATOR,30,,3080,train,3271488,3271488,2695277580
THE_LIFE_OF_KING_HENRY_THE_FIFTH_NYM,30,,1950,train,3271488,3271488,1724006380
THE_TRAGEDY_OF_ANTONY_AND_CLEOPATRA_SILIUS,31,,300,train,3271488,3271488,267099580
THE_WINTER_S_TALE_MARINER,31,,291,train,3271488,3271488,267099580
A_MIDSUMMER_NIGHT_S_DREAM_BOTTOM,31,,8676,train,3271488,3271488,7600197140
THE_LIFE_OF_KING_HENRY_THE_FIFTH_EXETER,31,,5434,train,3271488,3271488,4759228880
CYMBELINE_BELARIUS,31,,13313,train,3271488,3271488,11655254400
THE_SECOND_PART_OF_KING_HENRY_THE_SIXTH_MESSENGER,31,,1030,train,3271488,3271488,922707640
THE_LIFE_OF_TIMON_OF_ATHENS_ALCIBIADES,31,,5510,train,3271488,3271488,4832074220
THE_THIRD_PART_OF_KING_HENRY_THE_SIXTH_MONTAGUE,31,,679,train,3271488,3271488,607044500
THE_LIFE_OF_TIMON_OF_ATHENS_FIRST_SENATOR,31,,3080,train,3271488,3271488,2695277580
THE_LIFE_OF_KING_HENRY_THE_FIFTH_NYM,31,,1950,train,3271488,3271488,1724006380
THE_TRAGEDY_OF_ANTONY_AND_CLEOPATRA_SILIUS,32,,300,train,3271488,3271488,267099580
THE_WINTER_S_TALE_MARINER,32,,291,train,3271488,3271488,267099580
A_MIDSUMMER_NIGHT_S_DREAM_BOTTOM,32,,8676,train,3271488,3271488,7600197140
THE_LIFE_OF_KING_HENRY_THE_FIFTH_EXETER,32,,5434,train,3271488,3271488,4759228880
CYMBELINE_BELARIUS,32,,13313,train,3271488,3271488,11655254400
THE_SECOND_PART_OF_KING_HENRY_THE_SIXTH_MESSENGER,32,,1030,train,3271488,3271488,922707640
THE_LIFE_OF_TIMON_OF_ATHENS_ALCIBIADES,32,,5510,train,3271488,3271488,4832074220
THE_THIRD_PART_OF_KING_HENRY_THE_SIXTH_MONTAGUE,32,,679,train,3271488,3271488,607044500
THE_LIFE_OF_TIMON_OF_ATHENS_FIRST_SENATOR,32,,3080,train,3271488,3271488,2695277580
THE_LIFE_OF_KING_HENRY_THE_FIFTH_NYM,32,,1950,train,3271488,3271488,1724006380
THE_TRAGEDY_OF_ANTONY_AND_CLEOPATRA_SILIUS,33,,300,train,3271488,3271488,267099580
THE_WINTER_S_TALE_MARINER,33,,291,train,3271488,3271488,267099580
A_MIDSUMMER_NIGHT_S_DREAM_BOTTOM,33,,8676,train,3271488,3271488,7600197140
THE_LIFE_OF_KING_HENRY_THE_FIFTH_EXETER,33,,5434,train,3271488,3271488,4759228880
CYMBELINE_BELARIUS,33,,13313,train,3271488,3271488,11655254400
THE_SECOND_PART_OF_KING_HENRY_THE_SIXTH_MESSENGER,33,,1030,train,3271488,3271488,922707640
THE_LIFE_OF_TIMON_OF_ATHENS_ALCIBIADES,33,,5510,train,3271488,3271488,4832074220
THE_THIRD_PART_OF_KING_HENRY_THE_SIXTH_MONTAGUE,33,,679,train,3271488,3271488,607044500
THE_LIFE_OF_TIMON_OF_ATHENS_FIRST_SENATOR,33,,3080,train,3271488,3271488,2695277580
THE_LIFE_OF_KING_HENRY_THE_FIFTH_NYM,33,,1950,train,3271488,3271488,1724006380
THE_TRAGEDY_OF_ANTONY_AND_CLEOPATRA_SILIUS,34,,300,train,3271488,3271488,267099580
THE_WINTER_S_TALE_MARINER,34,,291,train,3271488,3271488,267099580
A_MIDSUMMER_NIGHT_S_DREAM_BOTTOM,34,,8676,train,3271488,3271488,7600197140
THE_LIFE_OF_KING_HENRY_THE_FIFTH_EXETER,34,,5434,train,3271488,3271488,4759228880
CYMBELINE_BELARIUS,34,,13313,train,3271488,3271488,11655254400
THE_SECOND_PART_OF_KING_HENRY_THE_SIXTH_MESSENGER,34,,1030,train,3271488,3271488,922707640
THE_LIFE_OF_TIMON_OF_ATHENS_ALCIBIADES,34,,5510,train,3271488,3271488,4832074220
THE_THIRD_PART_OF_KING_HENRY_THE_SIXTH_MONTAGUE,34,,679,train,3271488,3271488,607044500
THE_LIFE_OF_TIMON_OF_ATHENS_FIRST_SENATOR,34,,3080,train,3271488,3271488,2695277580
THE_LIFE_OF_KING_HENRY_THE_FIFTH_NYM,34,,1950,train,3271488,3271488,1724006380
THE_TRAGEDY_OF_ANTONY_AND_CLEOPATRA_SILIUS,35,,300,train,3271488,3271488,267099580
THE_WINTER_S_TALE_MARINER,35,,291,train,3271488,3271488,267099580
A_MIDSUMMER_NIGHT_S_DREAM_BOTTOM,35,,8676,train,3271488,3271488,7600197140
THE_LIFE_OF_KING_HENRY_THE_FIFTH_EXETER,35,,5434,train,3271488,3271488,4759228880
CYMBELINE_BELARIUS,35,,13313,train,3271488,3271488,11655254400
THE_SECOND_PART_OF_KING_HENRY_THE_SIXTH_MESSENGER,35,,1030,train,3271488,3271488,922707640
THE_LIFE_OF_TIMON_OF_ATHENS_ALCIBIADES,35,,5510,train,3271488,3271488,4832074220
THE_THIRD_PART_OF_KING_HENRY_THE_SIXTH_MONTAGUE,35,,679,train,3271488,3271488,607044500
THE_LIFE_OF_TIMON_OF_ATHENS_FIRST_SENATOR,35,,3080,train,3271488,3271488,2695277580
THE_LIFE_OF_KING_HENRY_THE_FIFTH_NYM,35,,1950,train,3271488,3271488,1724006380
THE_TRAGEDY_OF_ANTONY_AND_CLEOPATRA_SILIUS,36,,300,train,3271488,3271488,267099580
THE_WINTER_S_TALE_MARINER,36,,291,train,3271488,3271488,267099580
A_MIDSUMMER_NIGHT_S_DREAM_BOTTOM,36,,8676,train,3271488,3271488,7600197140
THE_LIFE_OF_KING_HENRY_THE_FIFTH_EXETER,36,,5434,train,3271488,3271488,4759228880
CYMBELINE_BELARIUS,36,,13313,train,3271488,3271488,11655254400
THE_SECOND_PART_OF_KING_HENRY_THE_SIXTH_MESSENGER,36,,1030,train,3271488,3271488,922707640
THE_LIFE_OF_TIMON_OF_ATHENS_ALCIBIADES,36,,5510,train,3271488,3271488,4832074220
THE_THIRD_PART_OF_KING_HENRY_THE_SIXTH_MONTAGUE,36,,679,train,3271488,3271488,607044500
THE_LIFE_OF_TIMON_OF_ATHENS_FIRST_SENATOR,36,,3080,train,3271488,3271488,2695277580
THE_LIFE_OF_KING_HENRY_THE_FIFTH_NYM,36,,1950,train,3271488,3271488,1724006380
THE_TRAGEDY_OF_ANTONY_AND_CLEOPATRA_SILIUS,37,,300,train,3271488,3271488,267099580
THE_WINTER_S_TALE_MARINER,37,,291,train,3271488,3271488,267099580
A_MIDSUMMER_NIGHT_S_DREAM_BOTTOM,37,,8676,train,3271488,3271488,7600197140
THE_LIFE_OF_KING_HENRY_THE_FIFTH_EXETER,37,,5434,train,3271488,3271488,4759228880
CYMBELINE_BELARIUS,37,,13313,train,3271488,3271488,11655254400
THE_SECOND_PART_OF_KING_HENRY_THE_SIXTH_MESSENGER,37,,1030,train,3271488,3271488,922707640
THE_LIFE_OF_TIMON_OF_ATHENS_ALCIBIADES,37,,5510,train,3271488,3271488,4832074220
THE_THIRD_PART_OF_KING_HENRY_THE_SIXTH_MONTAGUE,37,,679,train,3271488,3271488,607044500
THE_LIFE_OF_TIMON_OF_ATHENS_FIRST_SENATOR,37,,3080,train,3271488,3271488,2695277580
THE_LIFE_OF_KING_HENRY_THE_FIFTH_NYM,37,,1950,train,3271488,3271488,1724006380
THE_TRAGEDY_OF_ANTONY_AND_CLEOPATRA_SILIUS,38,,300,train,3271488,3271488,267099580
THE_WINTER_S_TALE_MARINER,38,,291,train,3271488,3271488,267099580
A_MIDSUMMER_NIGHT_S_DREAM_BOTTOM,38,,8676,train,3271488,3271488,7600197140
THE_LIFE_OF_KING_HENRY_THE_FIFTH_EXETER,38,,5434,train,3271488,3271488,4759228880
CYMBELINE_BELARIUS,38,,13313,train,3271488,3271488,11655254400
THE_SECOND_PART_OF_KING_HENRY_THE_SIXTH_MESSENGER,38,,1030,train,3271488,3271488,922707640
THE_LIFE_OF_TIMON_OF_ATHENS_ALCIBIADES,38,,5510,train,3271488,3271488,4832074220
THE_THIRD_PART_OF_KING_HENRY_THE_SIXTH_MONTAGUE,38,,679,train,3271488,3271488,607044500
THE_LIFE_OF_TIMON_OF_ATHENS_FIRST_SENATOR,38,,3080,train,3271488,3271488,2695277580
THE_LIFE_OF_KING_HENRY_THE_FIFTH_NYM,38,,1950,train,3271488,3271488,1724006380
THE_TRAGEDY_OF_ANTONY_AND_CLEOPATRA_SILIUS,39,,300,train,3271488,3271488,267099580
THE_WINTER_S_TALE_MARINER,39,,291,train,3271488,3271488,267099580
A_MIDSUMMER_NIGHT_S_DREAM_BOTTOM,39,,8676,train,3271488,3271488,7600197140
THE_LIFE_OF_KING_HENRY_THE_FIFTH_EXETER,39,,5434,train,3271488,3271488,4759228880
CYMBELINE_BELARIUS,39,,13313,train,3271488,3271488,11655254400
THE_SECOND_PART_OF_KING_HENRY_THE_SIXTH_MESSENGER,39,,1030,train,3271488,3271488,922707640
THE_LIFE_OF_TIMON_OF_ATHENS_ALCIBIADES,39,,5510,train,3271488,3271488,4832074220
THE_THIRD_PART_OF_KING_HENRY_THE_SIXTH_MONTAGUE,39,,679,train,3271488,3271488,607044500
THE_LIFE_OF_TIMON_OF_ATHENS_FIRST_SENATOR,39,,3080,train,3271488,3271488,2695277580
THE_LIFE_OF_KING_HENRY_THE_FIFTH_NYM,39,,1950,train,3271488,3271488,1724006380
THE_TRAGEDY_OF_ANTONY_AND_CLEOPATRA_SILIUS,40,,300,train,3271488,3271488,267099580
THE_WINTER_S_TALE_MARINER,40,,291,train,3271488,3271488,267099580
A_MIDSUMMER_NIGHT_S_DREAM_BOTTOM,40,,8676,train,3271488,3271488,7600197140
THE_LIFE_OF_KING_HENRY_THE_FIFTH_EXETER,40,,5434,train,3271488,3271488,4759228880
CYMBELINE_BELARIUS,40,,13313,train,3271488,3271488,11655254400
THE_SECOND_PART_OF_KING_HENRY_THE_SIXTH_MESSENGER,40,,1030,train,3271488,3271488,922707640
THE_LIFE_OF_TIMON_OF_ATHENS_ALCIBIADES,40,,5510,train,3271488,3271488,4832074220
THE_THIRD_PART_OF_KING_HENRY_THE_SIXTH_MONTAGUE,40,,679,train,3271488,3271488,607044500
THE_LIFE_OF_TIMON_OF_ATHENS_FIRST_SENATOR,40,,3080,train,3271488,3271488,2695277580
THE_LIFE_OF_KING_HENRY_THE_FIFTH_NYM,40,,1950,train,3271488,3271488,1724006380
THE_TRAGEDY_OF_ANTONY_AND_CLEOPATRA_SILIUS,41,,300,train,3271488,3271488,267099580
THE_WINTER_S_TALE_MARINER,41,,291,train,3271488,3271488,267099580
A_MIDSUMMER_NIGHT_S_DREAM_BOTTOM,41,,8676,train,3271488,3271488,7600197140
THE_LIFE_OF_KING_HENRY_THE_FIFTH_EXETER,41,,5434,train,3271488,3271488,4759228880
CYMBELINE_BELARIUS,41,,13313,train,3271488,3271488,11655254400
THE_SECOND_PART_OF_KING_HENRY_THE_SIXTH_MESSENGER,41,,1030,train,3271488,3271488,922707640
THE_LIFE_OF_TIMON_OF_ATHENS_ALCIBIADES,41,,5510,train,3271488,3271488,4832074220
THE_THIRD_PART_OF_KING_HENRY_THE_SIXTH_MONTAGUE,41,,679,train,3271488,3271488,607044500
THE_LIFE_OF_TIMON_OF_ATHENS_FIRST_SENATOR,41,,3080,train,3271488,3271488,2695277580
THE_LIFE_OF_KING_HENRY_THE_FIFTH_NYM,41,,1950,train,3271488,3271488,1724006380
THE_TRAGEDY_OF_ANTONY_AND_CLEOPATRA_SILIUS,42,,300,train,3271488,3271488,267099580
THE_WINTER_S_TALE_MARINER,42,,291,train,3271488,3271488,267099580
A_MIDSUMMER_NIGHT_S_DREAM_BOTTOM,42,,8676,train,3271488,3271488,7600197140
THE_LIFE_OF_KING_HENRY_THE_FIFTH_EXETER,42,,5434,train,3271488,3271488,4759228880
CYMBELINE_BELARIUS,42,,13313,train,3271488,3271488,11655254400
THE_SECOND_PART_OF_KING_HENRY_THE_SIXTH_MESSENGER,42,,1030,train,3271488,3271488,922707640
THE_LIFE_OF_TIMON_OF_ATHENS_ALCIBIADES,42,,5510,train,3271488,3271488,4832074220
THE_THIRD_PART_OF_KING_HENRY_THE_SIXTH_MONTAGUE,42,,679,train,3271488,3271488,607044500
THE_LIFE_OF_TIMON_OF_ATHENS_FIRST_SENATOR,42,,3080,train,3271488,3271488,2695277580
THE_LIFE_OF_KING_HENRY_THE_FIFTH_NYM,42,,1950,train,3271488,3271488,1724006380
THE_TRAGEDY_OF_ANTONY_AND_CLEOPATRA_SILIUS,43,,300,train,3271488,3271488,267099580
THE_WINTER_S_TALE_MARINER,43,,291,train,3271488,3271488,267099580
A_MIDSUMMER_NIGHT_S_DREAM_BOTTOM,43,,8676,train,3271488,3271488,7600197140
THE_LIFE_OF_KING_HENRY_THE_FIFTH_EXETER,43,,5434,train,3271488,3271488,4759228880
CYMBELINE_BELARIUS,43,,13313,train,3271488,3271488,11655254400
THE_SECOND_PART_OF_KING_HENRY_THE_SIXTH_MESSENGER,43,,1030,train,3271488,3271488,922707640
THE_LIFE_OF_TIMON_OF_ATHENS_ALCIBIADES,43,,5510,train,3271488,3271488,4832074220
THE_THIRD_PART_OF_KING_HENRY_THE_SIXTH_MONTAGUE,43,,679,train,3271488,3271488,607044500
THE_LIFE_OF_TIMON_OF_ATHENS_FIRST_SENATOR,43,,3080,train,3271488,3271488,2695277580
THE_LIFE_OF_KING_HENRY_THE_FIFTH_NYM,43,,1950,train,3271488,3271488,1724006380
THE_TRAGEDY_OF_ANTONY_AND_CLEOPATRA_SILIUS,44,,300,train,3271488,3271488,267099580
THE_WINTER_S_TALE_MARINER,44,,291,train,3271488,3271488,267099580
A_MIDSUMMER_NIGHT_S_DREAM_BOTTOM,44,,8676,train,3271488,3271488,7600197140
THE_LIFE_OF_KING_HENRY_THE_FIFTH_EXETER,44,,5434,train,3271488,3271488,4759228880
CYMBELINE_BELARIUS,44,,13313,train,3271488,3271488,11655254400
THE_SECOND_PART_OF_KING_HENRY_THE_SIXTH_MESSENGER,44,,1030,train,3271488,3271488,922707640
THE_LIFE_OF_TIMON_OF_ATHENS_ALCIBIADES,44,,5510,train,3271488,3271488,4832074220
THE_THIRD_PART_OF_KING_HENRY_THE_SIXTH_MONTAGUE,44,,679,train,3271488,3271488,607044500
THE_LIFE_OF_TIMON_OF_ATHENS_FIRST_SENATOR,44,,3080,train,3271488,3271488,2695277580
THE_LIFE_OF_KING_HENRY_THE_FIFTH_NYM,44,,1950,train,3271488,3271488,1724006380
THE_TRAGEDY_OF_ANTONY_AND_CLEOPATRA_SILIUS,45,,300,train,3271488,3271488,267099580
THE_WINTER_S_TALE_MARINER,45,,291,train,3271488,3271488,267099580
A_MIDSUMMER_NIGHT_S_DREAM_BOTTOM,45,,8676,train,3271488,3271488,7600197140
THE_LIFE_OF_KING_HENRY_THE_FIFTH_EXETER,45,,5434,train,3271488,3271488,4759228880
CYMBELINE_BELARIUS,45,,13313,train,3271488,3271488,11655254400
THE_SECOND_PART_OF_KING_HENRY_THE_SIXTH_MESSENGER,45,,1030,train,3271488,3271488,922707640
THE_LIFE_OF_TIMON_OF_ATHENS_ALCIBIADES,45,,5510,train,3271488,3271488,4832074220
THE_THIRD_PART_OF_KING_HENRY_THE_SIXTH_MONTAGUE,45,,679,train,3271488,3271488,607044500
THE_LIFE_OF_TIMON_OF_ATHENS_FIRST_SENATOR,45,,3080,train,3271488,3271488,2695277580
THE_LIFE_OF_KING_HENRY_THE_FIFTH_NYM,45,,1950,train,3271488,3271488,1724006380
THE_TRAGEDY_OF_ANTONY_AND_CLEOPATRA_SILIUS,46,,300,train,3271488,3271488,267099580
THE_WINTER_S_TALE_MARINER,46,,291,train,3271488,3271488,267099580
A_MIDSUMMER_NIGHT_S_DREAM_BOTTOM,46,,8676,train,3271488,3271488,7600197140
THE_LIFE_OF_KING_HENRY_THE_FIFTH_EXETER,46,,5434,train,3271488,3271488,4759228880
CYMBELINE_BELARIUS,46,,13313,train,3271488,3271488,11655254400
THE_SECOND_PART_OF_KING_HENRY_THE_SIXTH_MESSENGER,46,,1030,train,3271488,3271488,922707640
THE_LIFE_OF_TIMON_OF_ATHENS_ALCIBIADES,46,,5510,train,3271488,3271488,4832074220
THE_THIRD_PART_OF_KING_HENRY_THE_SIXTH_MONTAGUE,46,,679,train,3271488,3271488,607044500
THE_LIFE_OF_TIMON_OF_ATHENS_FIRST_SENATOR,46,,3080,train,3271488,3271488,2695277580
THE_LIFE_OF_KING_HENRY_THE_FIFTH_NYM,46,,1950,train,3271488,3271488,1724006380
THE_TRAGEDY_OF_ANTONY_AND_CLEOPATRA_SILIUS,47,,300,train,3271488,3271488,267099580
THE_WINTER_S_TALE_MARINER,47,,291,train,3271488,3271488,267099580
A_MIDSUMMER_NIGHT_S_DREAM_BOTTOM,47,,8676,train,3271488,3271488,7600197140
THE_LIFE_OF_KING_HENRY_THE_FIFTH_EXETER,47,,5434,train,3271488,3271488,4759228880
CYMBELINE_BELARIUS,47,,13313,train,3271488,3271488,11655254400
THE_SECOND_PART_OF_KING_HENRY_THE_SIXTH_MESSENGER,47,,1030,train,3271488,3271488,922707640
THE_LIFE_OF_TIMON_OF_ATHENS_ALCIBIADES,47,,5510,train,3271488,3271488,4832074220
THE_THIRD_PART_OF_KING_HENRY_THE_SIXTH_MONTAGUE,47,,679,train,3271488,3271488,607044500
THE_LIFE_OF_TIMON_OF_ATHENS_FIRST_SENATOR,47,,3080,train,3271488,3271488,2695277580
THE_LIFE_OF_KING_HENRY_THE_FIFTH_NYM,47,,1950,train,3271488,3271488,1724006380
THE_TRAGEDY_OF_ANTONY_AND_CLEOPATRA_SILIUS,48,,300,train,3271488,3271488,267099580
THE_WINTER_S_TALE_MARINER,48,,291,train,3271488,3271488,267099580
A_MIDSUMMER_NIGHT_S_DREAM_BOTTOM,48,,8676,train,3271488,3271488,7600197140
THE_LIFE_OF_KING_HENRY_THE_FIFTH_EXETER,48,,5434,train,3271488,3271488,4759228880
CYMBELINE_BELARIUS,48,,13313,train,3271488,3271488,11655254400
THE_SECOND_PART_OF_KING_HENRY_THE_SIXTH_MESSENGER,48,,1030,train,3271488,3271488,922707640
THE_LIFE_OF_TIMON_OF_ATHENS_ALCIBIADES,48,,5510,train,3271488,3271488,4832074220
THE_THIRD_PART_OF_KING_HENRY_THE_SIXTH_MONTAGUE,48,,679,train,3271488,3271488,607044500
THE_LIFE_OF_TIMON_OF_ATHENS_FIRST_SENATOR,48,,3080,train,3271488,3271488,2695277580
THE_LIFE_OF_KING_HENRY_THE_FIFTH_NYM,48,,1950,train,3271488,3271488,1724006380
THE_TRAGEDY_OF_ANTONY_AND_CLEOPATRA_SILIUS,49,,300,train,3271488,3271488,267099580
THE_WINTER_S_TALE_MARINER,49,,291,train,3271488,3271488,267099580
A_MIDSUMMER_NIGHT_S_DREAM_BOTTOM,49,,8676,train,3271488,3271488,7600197140
THE_LIFE_OF_KING_HENRY_THE_FIFTH_EXETER,49,,5434,train,3271488,3271488,4759228880
CYMBELINE_BELARIUS,49,,13313,train,3271488,3271488,11655254400
THE_SECOND_PART_OF_KING_HENRY_THE_SIXTH_MESSENGER,49,,1030,train,3271488,3271488,922707640
THE_LIFE_OF_TIMON_OF_ATHENS_ALCIBIADES,49,,5510,train,3271488,3271488,4832074220
THE_THIRD_PART_OF_KING_HENRY_THE_SIXTH_MONTAGUE,49,,679,train,3271488,3271488,607044500
THE_LIFE_OF_TIMON_OF_ATHENS_FIRST_SENATOR,49,,3080,train,3271488,3271488,2695277580
THE_LIFE_OF_KING_HENRY_THE_FIFTH_NYM,49,,1950,train,3271488,3271488,1724006380
THE_TRAGEDY_OF_ANTONY_AND_CLEOPATRA_SILIUS,50,,300,train,3271488,3271488,267099580
THE_WINTER_S_TALE_MARINER,50,,291,train,3271488,3271488,267099580
A_MIDSUMMER_NIGHT_S_DREAM_BOTTOM,50,,8676,train,3271488,3271488,7600197140
THE_LIFE_OF_KING_HENRY_THE_FIFTH_EXETER,50,,5434,train,3271488,3271488,4759228880
CYMBELINE_BELARIUS,50,,13313,train,3271488,3271488,11655254400
THE_SECOND_PART_OF_KING_HENRY_THE_SIXTH_MESSENGER,50,,1030,train,3271488,3271488,922707640
THE_LIFE_OF_TIMON_OF_ATHENS_ALCIBIADES,50,,5510,train,3271488,3271488,4832074220
THE_THIRD_PART_OF_KING_HENRY_THE_SIXTH_MONTAGUE,50,,679,train,3271488,3271488,607044500
THE_LIFE_OF_TIMON_OF_ATHENS_FIRST_SENATOR,50,,3080,train,3271488,3271488,2695277580
THE_LIFE_OF_KING_HENRY_THE_FIFTH_NYM,50,,1950,train,3271488,3271488,1724006380
THE_TRAGEDY_OF_ANTONY_AND_CLEOPATRA_SILIUS,51,,300,train,3271488,3271488,267099580
THE_WINTER_S_TALE_MARINER,51,,291,train,3271488,3271488,267099580
A_MIDSUMMER_NIGHT_S_DREAM_BOTTOM,51,,8676,train,3271488,3271488,7600197140
THE_LIFE_OF_KING_HENRY_THE_FIFTH_EXETER,51,,5434,train,3271488,3271488,4759228880
CYMBELINE_BELARIUS,51,,13313,train,3271488,3271488,11655254400
THE_SECOND_PART_OF_KING_HENRY_THE_SIXTH_MESSENGER,51,,1030,train,3271488,3271488,922707640
THE_LIFE_OF_TIMON_OF_ATHENS_ALCIBIADES,51,,5510,train,3271488,3271488,4832074220
THE_THIRD_PART_OF_KING_HENRY_THE_SIXTH_MONTAGUE,51,,679,train,3271488,3271488,607044500
THE_LIFE_OF_TIMON_OF_ATHENS_FIRST_SENATOR,51,,3080,train,3271488,3271488,2695277580
THE_LIFE_OF_KING_HENRY_THE_FIFTH_NYM,51,,1950,train,3271488,3271488,1724006380
THE_TRAGEDY_OF_ANTONY_AND_CLEOPATRA_SILIUS,52,,300,train,3271488,3271488,267099580
THE_WINTER_S_TALE_MARINER,52,,291,train,3271488,3271488,267099580
A_MIDSUMMER_NIGHT_S_DREAM_BOTTOM,52,,8676,train,3271488,3271488,7600197140
THE_LIFE_OF_KING_HENRY_THE_FIFTH_EXETER,52,,5434,train,3271488,3271488,4759228880
CYMBELINE_BELARIUS,52,,13313,train,3271488,3271488,11655254400
THE_SECOND_PART_OF_KING_HENRY_THE_SIXTH_MESSENGER,52,,1030,train,3271488,3271488,922707640
THE_LIFE_OF_TIMON_OF_ATHENS_ALCIBIADES,52,,5510,train,3271488,3271488,4832074220
THE_THIRD_PART_OF_KING_HENRY_THE_SIXTH_MONTAGUE,52,,679,train,3271488,3271488,607044500
THE_LIFE_OF_TIMON_OF_ATHENS_FIRST_SENATOR,52,,3080,train,3271488,3271488,2695277580
THE_LIFE_OF_KING_HENRY_THE_FIFTH_NYM,52,,1950,train,3271488,3271488,1724006380
THE_TRAGEDY_OF_ANTONY_AND_CLEOPATRA_SILIUS,53,,300,train,3271488,3271488,267099580
THE_WINTER_S_TALE_MARINER,53,,291,train,3271488,3271488,267099580
A_MIDSUMMER_NIGHT_S_DREAM_BOTTOM,53,,8676,train,3271488,3271488,7600197140
THE_LIFE_OF_KING_HENRY_THE_FIFTH_EXETER,53,,5434,train,3271488,3271488,4759228880
CYMBELINE_BELARIUS,53,,13313,train,3271488,3271488,11655254400
THE_SECOND_PART_OF_KING_HENRY_THE_SIXTH_MESSENGER,53,,1030,train,3271488,3271488,922707640
THE_LIFE_OF_TIMON_OF_ATHENS_ALCIBIADES,53,,5510,train,3271488,3271488,4832074220
THE_THIRD_PART_OF_KING_HENRY_THE_SIXTH_MONTAGUE,53,,679,train,3271488,3271488,607044500
THE_LIFE_OF_TIMON_OF_ATHENS_FIRST_SENATOR,53,,3080,train,3271488,3271488,2695277580
THE_LIFE_OF_KING_HENRY_THE_FIFTH_NYM,53,,1950,train,3271488,3271488,1724006380
THE_TRAGEDY_OF_ANTONY_AND_CLEOPATRA_SILIUS,54,,300,train,3271488,3271488,267099580
THE_WINTER_S_TALE_MARINER,54,,291,train,3271488,3271488,267099580
A_MIDSUMMER_NIGHT_S_DREAM_BOTTOM,54,,8676,train,3271488,3271488,7600197140
THE_LIFE_OF_KING_HENRY_THE_FIFTH_EXETER,54,,5434,train,3271488,3271488,4759228880
CYMBELINE_BELARIUS,54,,13313,train,3271488,3271488,11655254400
THE_SECOND_PART_OF_KING_HENRY_THE_SIXTH_MESSENGER,54,,1030,train,3271488,3271488,922707640
THE_LIFE_OF_TIMON_OF_ATHENS_ALCIBIADES,54,,5510,train,3271488,3271488,4832074220
THE_THIRD_PART_OF_KING_HENRY_THE_SIXTH_MONTAGUE,54,,679,train,3271488,3271488,607044500
THE_LIFE_OF_TIMON_OF_ATHENS_FIRST_SENATOR,54,,3080,train,3271488,3271488,2695277580
THE_LIFE_OF_KING_HENRY_THE_FIFTH_NYM,54,,1950,train,3271488,3271488,1724006380
THE_TRAGEDY_OF_ANTONY_AND_CLEOPATRA_SILIUS,55,,300,train,3271488,3271488,267099580
THE_WINTER_S_TALE_MARINER,55,,291,train,3271488,3271488,267099580
A_MIDSUMMER_NIGHT_S_DREAM_BOTTOM,55,,8676,train,3271488,3271488,7600197140
THE_LIFE_OF_KING_HENRY_THE_FIFTH_EXETER,55,,5434,train,3271488,3271488,4759228880
CYMBELINE_BELARIUS,55,,13313,train,3271488,3271488,11655254400
THE_SECOND_PART_OF_KING_HENRY_THE_SIXTH_MESSENGER,55,,1030,train,3271488,3271488,922707640
THE_LIFE_OF_TIMON_OF_ATHENS_ALCIBIADES,55,,5510,train,3271488,3271488,4832074220
THE_THIRD_PART_OF_KING_HENRY_THE_SIXTH_MONTAGUE,55,,679,train,3271488,3271488,607044500
THE_LIFE_OF_TIMON_OF_ATHENS_FIRST_SENATOR,55,,3080,train,3271488,3271488,2695277580
THE_LIFE_OF_KING_HENRY_THE_FIFTH_NYM,55,,1950,train,3271488,3271488,1724006380
THE_TRAGEDY_OF_ANTONY_AND_CLEOPATRA_SILIUS,56,,300,train,3271488,3271488,267099580
THE_WINTER_S_TALE_MARINER,56,,291,train,3271488,3271488,267099580
A_MIDSUMMER_NIGHT_S_DREAM_BOTTOM,56,,8676,train,3271488,3271488,7600197140
THE_LIFE_OF_KING_HENRY_THE_FIFTH_EXETER,56,,5434,train,3271488,3271488,4759228880
CYMBELINE_BELARIUS,56,,13313,train,3271488,3271488,11655254400
THE_SECOND_PART_OF_KING_HENRY_THE_SIXTH_MESSENGER,56,,1030,train,3271488,3271488,922707640
THE_LIFE_OF_TIMON_OF_ATHENS_ALCIBIADES,56,,5510,train,3271488,3271488,4832074220
THE_THIRD_PART_OF_KING_HENRY_THE_SIXTH_MONTAGUE,56,,679,train,3271488,3271488,607044500
THE_LIFE_OF_TIMON_OF_ATHENS_FIRST_SENATOR,56,,3080,train,3271488,3271488,2695277580
THE_LIFE_OF_KING_HENRY_THE_FIFTH_NYM,56,,1950,train,3271488,3271488,1724006380
THE_TRAGEDY_OF_ANTONY_AND_CLEOPATRA_SILIUS,57,,300,train,3271488,3271488,267099580
THE_WINTER_S_TALE_MARINER,57,,291,train,3271488,3271488,267099580
A_MIDSUMMER_NIGHT_S_DREAM_BOTTOM,57,,8676,train,3271488,3271488,7600197140
THE_LIFE_OF_KING_HENRY_THE_FIFTH_EXETER,57,,5434,train,3271488,3271488,4759228880
CYMBELINE_BELARIUS,57,,13313,train,3271488,3271488,11655254400
THE_SECOND_PART_OF_KING_HENRY_THE_SIXTH_MESSENGER,57,,1030,train,3271488,3271488,922707640
THE_LIFE_OF_TIMON_OF_ATHENS_ALCIBIADES,57,,5510,train,3271488,3271488,4832074220
THE_THIRD_PART_OF_KING_HENRY_THE_SIXTH_MONTAGUE,57,,679,train,3271488,3271488,607044500
THE_LIFE_OF_TIMON_OF_ATHENS_FIRST_SENATOR,57,,3080,train,3271488,3271488,2695277580
THE_LIFE_OF_KING_HENRY_THE_FIFTH_NYM,57,,1950,train,3271488,3271488,1724006380
THE_TRAGEDY_OF_ANTONY_AND_CLEOPATRA_SILIUS,58,,300,train,3271488,3271488,267099580
THE_WINTER_S_TALE_MARINER,58,,291,train,3271488,3271488,267099580
A_MIDSUMMER_NIGHT_S_DREAM_BOTTOM,58,,8676,train,3271488,3271488,7600197140
THE_LIFE_OF_KING_HENRY_THE_FIFTH_EXETER,58,,5434,train,3271488,3271488,4759228880
CYMBELINE_BELARIUS,58,,13313,train,3271488,3271488,11655254400
THE_SECOND_PART_OF_KING_HENRY_THE_SIXTH_MESSENGER,58,,1030,train,3271488,3271488,922707640
THE_LIFE_OF_TIMON_OF_ATHENS_ALCIBIADES,58,,5510,train,3271488,3271488,4832074220
THE_THIRD_PART_OF_KING_HENRY_THE_SIXTH_MONTAGUE,58,,679,train,3271488,3271488,607044500
THE_LIFE_OF_TIMON_OF_ATHENS_FIRST_SENATOR,58,,3080,train,3271488,3271488,2695277580
THE_LIFE_OF_KING_HENRY_THE_FIFTH_NYM,58,,1950,train,3271488,3271488,1724006380
THE_TRAGEDY_OF_ANTONY_AND_CLEOPATRA_SILIUS,59,,300,train,3271488,3271488,267099580
THE_WINTER_S_TALE_MARINER,59,,291,train,3271488,3271488,267099580
A_MIDSUMMER_NIGHT_S_DREAM_BOTTOM,59,,8676,train,3271488,3271488,7600197140
THE_LIFE_OF_KING_HENRY_THE_FIFTH_EXETER,59,,5434,train,3271488,3271488,4759228880
CYMBELINE_BELARIUS,59,,13313,train,3271488,3271488,11655254400
THE_SECOND_PART_OF_KING_HENRY_THE_SIXTH_MESSENGER,59,,1030,train,3271488,3271488,922707640
THE_LIFE_OF_TIMON_OF_ATHENS_ALCIBIADES,59,,5510,train,3271488,3271488,4832074220
THE_THIRD_PART_OF_KING_HENRY_THE_SIXTH_MONTAGUE,59,,679,train,3271488,3271488,607044500
THE_LIFE_OF_TIMON_OF_ATHENS_FIRST_SENATOR,59,,3080,train,3271488,3271488,2695277580
THE_LIFE_OF_KING_HENRY_THE_FIFTH_NYM,59,,1950,train,3271488,3271488,1724006380
THE_TRAGEDY_OF_ANTONY_AND_CLEOPATRA_SILIUS,60,,300,train,3271488,3271488,267099580
THE_WINTER_S_TALE_MARINER,60,,291,train,3271488,3271488,267099580
A_MIDSUMMER_NIGHT_S_DREAM_BOTTOM,60,,8676,train,3271488,3271488,7600197140
THE_LIFE_OF_KING_HENRY_THE_FIFTH_EXETER,60,,5434,train,3271488,3271488,4759228880
CYMBELINE_BELARIUS,60,,13313,train,3271488,3271488,11655254400
THE_SECOND_PART_OF_KING_HENRY_THE_SIXTH_MESSENGER,60,,1030,train,3271488,3271488,922707640
THE_LIFE_OF_TIMON_OF_ATHENS_ALCIBIADES,60,,5510,train,3271488,3271488,4832074220
THE_THIRD_PART_OF_KING_HENRY_THE_SIXTH_MONTAGUE,60,,679,train,3271488,3271488,607044500
THE_LIFE_OF_TIMON_OF_ATHENS_FIRST_SENATOR,60,,3080,train,3271488,3271488,2695277580
THE_LIFE_OF_KING_HENRY_THE_FIFTH_NYM,60,,1950,train,3271488,3271488,1724006380
